Date,Open,High,Low,Close,Volume,Change,Delta,Change_Ratio,Delta_Ratio,Variance,momentum
2023-08-02,9.28,9.29,9.24,9.27,147562,-0.01,0.05,-0.11,0.54,0.02,-1
2023-08-01,9.28,9.28,9.23,9.27,72322,-0.01,0.05,-0.11,0.54,0.02,-1
2023-07-31,9.26,9.3,9.21,9.28,111826,0.02,0.09,0.22,0.97,0.04,1
2023-07-28,9.2,9.24,9.2,9.21,63941,0.01,0.05,0.11,0.54,0.02,-1
2023-07-27,9.24,9.24,9.19,9.21,41508,-0.03,0.05,-0.33,0.54,0.03,-1
2023-07-26,9.22,9.23,9.17,9.23,69337,0.01,0.06,0.11,0.65,0.03,1
2023-07-25,9.21,9.23,9.15,9.16,80229,-0.05,0.08,-0.55,0.87,0.04,-1
2023-07-24,9.18,9.23,9.16,9.17,52838,-0.01,0.07,-0.11,0.73,0.03,1
2023-07-21,9.17,9.18,9.15,9.16,70405,-0.01,0.03,-0.06,0.33,0.01,-1
2023-07-20,9.17,9.2,9.16,9.18,56001,0.01,0.04,0.11,0.42,0.02,-1
2023-07-19,9.14,9.2,9.14,9.19,55851,0.05,0.05,0.55,0.6,0.03,1
2023-07-18,9.16,9.16,9.12,9.14,60859,-0.02,0.04,-0.22,0.44,0.02,-1
2023-07-17,9.1,9.17,9.1,9.16,103420,0.06,0.07,0.66,0.76,0.04,-1
2023-07-14,9.15,9.18,9.12,9.16,31019,0.01,0.05,0.1,0.6,0.03,1
2023-07-13,9.15,9.2,9.08,9.1,177710,-0.05,0.12,-0.55,1.37,0.06,-1
2023-07-12,9.1,9.19,9.1,9.16,66323,0.06,0.09,0.66,0.98,0.04,-1
2023-07-11,9.1,9.19,9.1,9.19,36920,0.09,0.09,0.95,0.98,0.04,1
2023-07-10,9.06,9.19,9.06,9.12,72263,0.06,0.13,0.66,1.42,0.06,-1
2023-07-07,9.1,9.2,9.1,9.15,82520,0.05,0.1,0.55,1.09,0.05,-1
2023-07-06,9.1,9.2,9.1,9.15,51929,0.05,0.1,0.55,1.09,0.05,1
2023-07-05,9.1,9.18,9.1,9.13,51833,0.03,0.08,0.33,0.88,0.04,-1
2023-07-03,9.07,9.29,9.07,9.17,49521,0.1,0.22,1.09,2.4,0.11,-1
2023-06-30,9.1,9.3,9.09,9.2,230431,0.1,0.21,1.09,2.28,0.11,1
2023-06-29,9.1,9.1,9.06,9.1,28702,0.0,0.04,0.0,0.44,0.02,-1
2023-06-28,9.05,9.1,9.05,9.1,37179,0.05,0.05,0.55,0.55,0.02,1
2023-06-27,9.1,9.1,9.06,9.07,73027,-0.03,0.04,-0.33,0.44,0.02,-1
2023-06-26,9.07,9.12,9.07,9.08,45138,0.01,0.05,0.11,0.55,0.02,-1
2023-06-23,9.17,9.17,9.09,9.12,43629,-0.05,0.08,-0.55,0.88,0.04,-1
2023-06-22,9.16,9.16,9.1,9.14,34831,-0.03,0.06,-0.27,0.66,0.03,1
2023-06-21,9.17,9.17,9.07,9.09,43779,-0.08,0.1,-0.88,1.1,0.05,-1
2023-06-20,9.15,9.19,9.15,9.17,78541,0.02,0.04,0.22,0.46,0.02,1
2023-06-16,9.17,9.21,9.07,9.14,508847,-0.03,0.14,-0.33,1.53,0.07,-1
2023-06-15,9.16,9.16,9.04,9.15,123533,-0.01,0.12,-0.11,1.37,0.06,1
2023-06-14,9.1,9.17,9.06,9.14,111186,0.04,0.11,0.44,1.19,0.05,1
2023-06-13,9.09,9.1,9.05,9.1,75672,0.01,0.05,0.11,0.51,0.02,1
2023-06-12,9.15,9.15,9.05,9.09,145049,-0.06,0.1,-0.66,1.08,0.05,1
2023-06-09,9.05,9.07,9.04,9.06,50836,0.01,0.03,0.11,0.33,0.02,1
2023-06-08,9.02,9.1,9.02,9.02,95042,0.0,0.08,0.0,0.89,0.04,-1
2023-06-07,9.11,9.11,9.01,9.03,64837,-0.08,0.1,-0.89,1.11,0.05,1
2023-06-06,9.03,9.07,9.0,9.01,80946,-0.02,0.07,-0.22,0.78,0.04,-1
2023-06-02,8.96,9.06,8.96,9.01,49916,0.05,0.1,0.52,1.11,0.05,1
2023-06-01,9.06,9.06,8.95,8.95,61088,-0.11,0.11,-1.23,1.23,0.06,-1
2023-05-31,8.86,9.13,8.85,9.13,319246,0.27,0.28,2.96,3.07,0.14,1
2023-05-30,8.9,8.93,8.88,8.91,74727,0.01,0.05,0.11,0.55,0.02,-1
2023-05-26,8.95,8.95,8.9,8.93,50097,-0.02,0.05,-0.22,0.56,0.02,1
2023-05-25,8.95,8.95,8.88,8.92,71126,-0.03,0.07,-0.34,0.78,0.03,-1
2023-05-24,8.95,8.95,8.91,8.95,37959,0.0,0.04,0.0,0.45,0.02,-1
2023-05-23,8.9,8.98,8.9,8.95,86938,0.05,0.08,0.56,0.89,0.04,-1
2023-05-22,8.94,8.98,8.92,8.97,108974,0.03,0.06,0.33,0.67,0.03,1
2023-05-19,8.95,8.95,8.9,8.94,49834,-0.01,0.05,-0.11,0.56,0.02,1
2023-05-18,8.9,8.95,8.88,8.88,70489,-0.02,0.07,-0.23,0.79,0.04,-1
2023-05-17,8.95,8.95,8.9,8.9,103149,-0.05,0.05,-0.56,0.56,0.02,1
2023-05-16,8.84,8.92,8.84,8.86,137028,0.02,0.08,0.23,0.9,0.04,-1
2023-05-15,8.95,8.95,8.85,8.92,153541,-0.03,0.1,-0.34,1.12,0.05,1
2023-05-12,8.95,8.95,8.85,8.88,81613,-0.07,0.1,-0.79,1.13,0.05,1
2023-05-11,8.85,8.97,8.85,8.85,97150,0.0,0.12,0.0,1.36,0.06,-1
2023-05-10,8.87,8.94,8.86,8.87,84106,0.0,0.08,0.0,0.9,0.04,-1
2023-05-09,8.98,8.98,8.86,8.89,78914,-0.09,0.12,-1.01,1.35,0.06,1
2023-05-08,8.98,8.98,8.85,8.88,131946,-0.11,0.13,-1.18,1.46,0.07,-1
2023-05-05,8.86,8.98,8.86,8.96,132567,0.1,0.12,1.12,1.34,0.06,-1
2023-05-04,9.09,9.09,8.96,9.02,138215,-0.07,0.13,-0.77,1.44,0.06,-1
2023-05-03,9.07,9.14,9.03,9.04,76421,-0.03,0.11,-0.33,1.22,0.05,-1
2023-05-02,9.12,9.17,9.03,9.1,192268,-0.02,0.14,-0.22,1.51,0.07,-1
2023-05-01,9.12,9.17,9.05,9.1,107094,-0.02,0.12,-0.22,1.28,0.06,-1
2023-04-28,9.03,9.11,9.0,9.1,96789,0.07,0.11,0.77,1.21,0.05,1
2023-04-27,9.07,9.09,9.01,9.02,110562,-0.05,0.08,-0.55,0.89,0.04,-1
2023-04-26,9.05,9.07,9.03,9.03,104121,-0.02,0.04,-0.22,0.47,0.02,-1
2023-04-25,9.09,9.09,9.05,9.05,98659,-0.04,0.04,-0.44,0.49,0.02,-1
2023-04-24,9.06,9.07,9.02,9.07,39354,0.01,0.05,0.11,0.55,0.03,1
2023-04-21,9.01,9.07,9.01,9.03,57665,0.02,0.06,0.22,0.66,0.03,-1
2023-04-20,9.05,9.07,9.03,9.04,66475,-0.01,0.04,-0.11,0.41,0.02,-1
2023-04-19,9.05,9.07,9.0,9.06,110939,0.01,0.07,0.11,0.77,0.04,1
2023-04-18,9.06,9.06,9.01,9.04,84401,-0.02,0.05,-0.22,0.55,0.03,-1
2023-04-17,9.04,9.09,9.03,9.05,83907,0.01,0.06,0.11,0.66,0.03,-1
2023-04-14,9.07,9.09,9.01,9.06,56523,-0.01,0.08,-0.06,0.88,0.04,1
2023-04-13,9.08,9.08,9.01,9.05,108322,-0.03,0.07,-0.33,0.77,0.04,-1
2023-04-12,9.09,9.09,9.01,9.05,106741,-0.04,0.08,-0.44,0.88,0.04,-1
2023-04-11,9.04,9.09,8.99,9.09,105866,0.05,0.1,0.55,1.1,0.05,1
2023-04-10,9.0,9.03,8.99,9.0,79820,0.0,0.04,0.05,0.44,0.02,-1
2023-04-06,9.04,9.06,9.0,9.01,96393,-0.03,0.06,-0.33,0.67,0.03,-1
2023-04-05,9.08,9.09,9.03,9.04,45547,-0.04,0.06,-0.44,0.68,0.03,-1
2023-04-04,9.0,9.17,9.0,9.08,77492,0.08,0.17,0.88,1.87,0.08,-1
2023-04-03,9.16,9.29,9.05,9.15,146636,-0.01,0.24,-0.11,2.62,0.12,-1
2023-03-31,9.03,9.33,8.94,9.3,646333,0.27,0.39,2.9,4.19,0.2,1
2023-03-30,8.93,9.02,8.89,8.94,143547,0.01,0.13,0.11,1.45,0.06,-1
2023-03-29,8.95,9.0,8.93,8.94,130691,-0.01,0.07,-0.11,0.78,0.03,1
2023-03-28,9.04,9.04,8.92,8.92,213205,-0.12,0.12,-1.35,1.35,0.06,-1
2023-03-27,9.05,9.05,9.01,9.05,104585,0.0,0.04,0.0,0.43,0.02,1
2023-03-24,8.91,9.05,8.91,9.04,184276,0.13,0.14,1.44,1.55,0.07,1
2023-03-23,9.0,9.06,8.75,8.9,238375,-0.1,0.31,-1.12,3.5,0.16,-1
2023-03-22,9.0,9.06,9.0,9.02,30664,0.02,0.06,0.22,0.67,0.03,-1
2023-03-21,8.94,9.05,8.94,9.05,79773,0.11,0.11,1.22,1.22,0.06,1
2023-03-20,8.98,9.0,8.9,8.98,185867,0.0,0.1,0.06,1.11,0.05,-1
2023-03-17,8.98,9.03,8.95,8.99,113122,0.01,0.08,0.11,0.89,0.04,1
2023-03-16,8.95,8.99,8.95,8.98,161775,0.03,0.04,0.33,0.44,0.02,1
2023-03-15,9.0,9.02,8.95,8.95,126838,-0.05,0.07,-0.56,0.78,0.04,-1
2023-03-14,9.0,9.07,8.96,9.0,164721,0.0,0.11,0.0,1.17,0.05,-1
2023-03-13,9.05,9.08,8.98,9.03,299637,-0.02,0.1,-0.22,1.11,0.05,1
2023-03-10,9.05,9.05,9.0,9.0,152878,-0.05,0.05,-0.56,0.56,0.03,-1
2023-03-09,9.05,9.08,9.02,9.06,121852,0.01,0.06,0.11,0.68,0.03,-1
2023-03-08,9.1,9.12,9.05,9.07,92798,-0.03,0.07,-0.33,0.77,0.03,-1
2023-03-07,9.1,9.16,9.06,9.08,79934,-0.02,0.1,-0.19,1.12,0.05,-1
2023-03-06,9.1,9.18,9.06,9.13,87545,0.03,0.12,0.33,1.31,0.06,1
2023-03-03,9.13,9.16,9.08,9.1,74990,-0.03,0.08,-0.33,0.88,0.04,-1
2023-03-02,9.16,9.16,9.09,9.15,74030,-0.01,0.07,-0.11,0.77,0.04,1
2023-03-01,9.19,9.19,9.1,9.13,28475,-0.06,0.09,-0.66,0.99,0.04,-1
2023-02-28,9.05,9.23,9.05,9.19,132316,0.14,0.18,1.52,1.96,0.09,1
2023-02-27,9.2,9.2,9.03,9.07,176656,-0.13,0.17,-1.43,1.87,0.08,1
2023-02-24,9.09,9.15,9.04,9.05,67792,-0.04,0.11,-0.44,1.21,0.05,1
2023-02-23,9.12,9.12,9.01,9.03,73674,-0.09,0.11,-1.0,1.22,0.05,-1
2023-02-22,9.06,9.19,9.05,9.06,127122,-0.0,0.14,-0.0,1.55,0.07,-1
2023-02-21,9.17,9.19,9.06,9.09,115293,-0.08,0.13,-0.88,1.46,0.07,-1
2023-02-17,9.23,9.24,9.16,9.17,90476,-0.06,0.08,-0.65,0.87,0.04,-1
2023-02-16,9.21,9.24,9.15,9.24,54671,0.03,0.09,0.32,0.97,0.04,1
2023-02-15,9.17,9.26,9.14,9.17,184042,0.0,0.12,0.0,1.31,0.06,1
2023-02-14,9.26,9.26,9.12,9.15,150086,-0.11,0.14,-1.2,1.53,0.07,-1
2023-02-13,9.21,9.22,9.12,9.19,93401,-0.02,0.1,-0.22,1.09,0.05,1
2023-02-10,9.18,9.22,9.16,9.18,131828,0.0,0.06,0.0,0.65,0.03,1
2023-02-09,9.21,9.22,9.16,9.17,75462,-0.04,0.06,-0.44,0.65,0.03,-1
2023-02-08,9.2,9.22,9.18,9.19,48245,-0.01,0.04,-0.11,0.44,0.02,1
2023-02-07,9.18,9.18,9.12,9.18,113698,0.0,0.06,0.0,0.65,0.03,1
2023-02-06,9.11,9.23,9.11,9.14,128724,0.03,0.12,0.33,1.31,0.06,-1
2023-02-03,9.36,9.46,9.36,9.4,128356,0.04,0.1,0.43,1.06,0.05,-1
2023-02-02,9.3,9.45,9.3,9.41,132085,0.11,0.15,1.17,1.59,0.07,1
2023-02-01,9.36,9.4,9.3,9.38,69836,0.02,0.1,0.21,1.07,0.05,1
2023-01-31,9.25,9.34,9.25,9.34,120040,0.09,0.09,0.96,0.96,0.04,1
2023-01-30,9.29,9.3,9.25,9.28,60254,-0.0,0.05,-0.05,0.54,0.02,1
2023-01-27,9.2,9.28,9.2,9.27,119064,0.07,0.08,0.76,0.91,0.04,1
2023-01-26,9.2,9.22,9.17,9.19,82331,-0.01,0.05,-0.11,0.53,0.02,-1
2023-01-25,9.25,9.25,9.18,9.21,107469,-0.04,0.07,-0.43,0.81,0.04,-1
2023-01-24,9.23,9.25,9.2,9.24,72185,0.01,0.05,0.16,0.54,0.03,-1
2023-01-23,9.18,9.25,9.18,9.25,95917,0.07,0.07,0.76,0.76,0.04,1
2023-01-20,9.19,9.22,9.14,9.17,77206,-0.02,0.08,-0.22,0.87,0.04,-1
2023-01-19,9.22,9.25,9.15,9.19,104892,-0.03,0.1,-0.33,1.09,0.05,-1
2023-01-18,9.22,9.25,9.19,9.22,147877,0.0,0.06,0.0,0.61,0.03,1
2023-01-17,9.15,9.2,9.13,9.2,272838,0.05,0.07,0.54,0.76,0.03,1
2023-01-13,9.13,9.16,9.02,9.15,99175,0.02,0.14,0.22,1.53,0.07,-1
2023-01-12,9.17,9.17,9.11,9.15,56546,-0.02,0.06,-0.22,0.65,0.03,-1
2023-01-11,9.13,9.15,9.03,9.15,117141,0.02,0.12,0.22,1.26,0.06,1
2023-01-10,9.07,9.14,9.05,9.12,81950,0.05,0.09,0.6,0.99,0.04,1
2023-01-09,9.07,9.13,9.07,9.09,104666,0.02,0.06,0.22,0.65,0.03,1
2023-01-06,9.09,9.1,9.04,9.07,156384,-0.02,0.06,-0.22,0.66,0.03,-1
2023-01-05,8.94,9.1,8.9,9.08,173189,0.14,0.2,1.54,2.2,0.1,1
2023-01-04,8.7,8.92,8.65,8.9,133397,0.2,0.27,2.25,3.02,0.13,1
2023-01-03,8.78,8.8,8.6,8.7,237420,-0.08,0.2,-0.92,2.3,0.1,1
2022-12-30,8.73,8.74,8.63,8.66,166506,-0.07,0.11,-0.81,1.27,0.05,-1
2022-12-29,8.6,8.75,8.6,8.66,223036,0.06,0.15,0.69,1.73,0.08,1
2022-12-28,8.79,8.79,8.59,8.64,321463,-0.15,0.2,-1.74,2.31,0.1,-1
2022-12-27,8.77,8.81,8.72,8.73,325453,-0.04,0.09,-0.46,1.03,0.04,-1
2022-12-23,8.58,8.8,8.57,8.77,119731,0.19,0.23,2.17,2.64,0.12,1
2022-12-22,8.65,8.67,8.59,8.61,194269,-0.04,0.08,-0.46,0.93,0.04,-1
2022-12-21,8.7,8.75,8.67,8.69,172040,-0.01,0.08,-0.12,0.92,0.04,-1
2022-12-20,8.75,8.77,8.58,8.69,237872,-0.06,0.19,-0.69,2.22,0.1,-1
2022-12-19,8.61,8.77,8.61,8.69,243143,0.08,0.16,0.92,1.84,0.08,1
2022-12-16,8.83,8.83,8.55,8.55,787614,-0.28,0.28,-3.27,3.27,0.14,-1
2022-12-15,8.84,8.85,8.8,8.81,231139,-0.03,0.05,-0.34,0.57,0.02,-1
2022-12-14,8.9,8.9,8.81,8.85,162238,-0.05,0.09,-0.56,1.02,0.04,-1
2022-12-13,8.94,8.96,8.88,8.9,252547,-0.04,0.09,-0.45,0.96,0.04,1
2022-12-12,8.92,8.93,8.86,8.88,225719,-0.04,0.07,-0.45,0.79,0.04,-1
2022-12-09,8.94,8.98,8.91,8.95,226721,0.01,0.07,0.11,0.78,0.04,-1
2022-12-08,9.03,9.03,8.91,8.96,234511,-0.07,0.12,-0.78,1.34,0.06,-1
2022-12-07,8.98,9.05,8.98,9.0,101944,0.02,0.07,0.22,0.78,0.04,-1
2022-12-06,9.04,9.04,8.98,9.0,152617,-0.04,0.06,-0.44,0.65,0.03,-1
2022-12-05,9.05,9.07,9.0,9.04,109931,-0.01,0.07,-0.11,0.77,0.04,-1
2022-12-02,9.05,9.05,8.98,9.05,119496,0.0,0.07,0.0,0.77,0.04,-1
2022-12-01,9.04,9.06,9.0,9.05,103339,0.01,0.06,0.11,0.66,0.03,1
2022-11-30,9.01,9.08,9.0,9.04,91920,0.03,0.08,0.33,0.85,0.04,-1
2022-11-29,9.0,9.05,8.99,9.05,84121,0.05,0.06,0.55,0.66,0.03,1
2022-11-28,9.05,9.06,9.0,9.02,103344,-0.03,0.06,-0.33,0.67,0.03,-1
2022-11-25,9.09,9.1,9.06,9.06,97213,-0.03,0.04,-0.33,0.48,0.02,-1
2022-11-23,9.12,9.14,9.08,9.12,57415,0.0,0.06,0.0,0.65,0.03,-1
2022-11-22,9.1,9.15,9.1,9.15,103996,0.05,0.05,0.55,0.55,0.03,1
2022-11-21,9.1,9.13,9.05,9.12,204562,0.02,0.08,0.22,0.88,0.04,-1
2022-11-18,9.15,9.15,9.1,9.13,63782,-0.02,0.05,-0.22,0.55,0.03,-1
2022-11-17,9.08,9.15,9.05,9.15,57169,0.07,0.1,0.77,1.1,0.05,1
2022-11-16,9.17,9.17,9.01,9.09,72234,-0.08,0.16,-0.88,1.76,0.08,-1
2022-11-15,9.14,9.25,9.0,9.1,123409,-0.04,0.25,-0.44,2.75,0.12,-1
2022-11-14,9.15,9.3,9.08,9.14,232188,-0.01,0.22,-0.11,2.41,0.11,1
2022-11-11,9.01,9.2,8.97,9.13,253003,0.12,0.23,1.31,2.52,0.11,1
2022-11-10,9.02,9.08,8.98,9.02,124210,0.0,0.1,0.0,1.11,0.05,1
2022-11-09,9.02,9.03,8.93,8.94,121097,-0.08,0.1,-0.88,1.12,0.05,-1
2022-11-08,9.0,9.04,8.98,8.99,163187,-0.01,0.06,-0.11,0.67,0.03,-1
2022-11-07,9.02,9.05,8.98,9.0,106570,-0.02,0.07,-0.22,0.78,0.04,-1
2022-11-04,9.1,9.1,8.98,9.0,171095,-0.1,0.12,-1.12,1.33,0.06,-1
2022-11-03,9.15,9.18,9.11,9.16,208216,0.01,0.07,0.11,0.76,0.04,1
2022-11-02,9.25,9.26,9.13,9.15,213250,-0.1,0.13,-1.09,1.38,0.06,-1
2022-11-01,9.28,9.35,9.28,9.3,98385,0.02,0.07,0.16,0.75,0.04,1
2022-10-31,9.2,9.3,9.2,9.23,202016,0.03,0.11,0.33,1.14,0.05,1
2022-10-28,9.07,9.2,9.05,9.12,127004,0.05,0.15,0.55,1.64,0.07,1
2022-10-27,9.02,9.08,9.0,9.04,77216,0.02,0.08,0.22,0.88,0.04,1
2022-10-26,8.99,9.13,8.98,9.03,129984,0.04,0.15,0.44,1.71,0.08,1
2022-10-25,9.0,9.02,8.93,8.98,89246,-0.02,0.09,-0.22,0.98,0.04,-1
2022-10-24,9.01,9.05,8.97,9.0,100780,-0.01,0.08,-0.11,0.87,0.04,-1
2022-10-21,9.03,9.12,9.0,9.0,104312,-0.03,0.12,-0.33,1.28,0.06,-1
2022-10-20,9.05,9.12,8.96,9.03,85920,-0.02,0.16,-0.22,1.75,0.08,-1
2022-10-19,9.08,9.1,8.9,9.05,89169,-0.03,0.2,-0.33,2.21,0.1,1
2022-10-18,9.05,9.15,9.01,9.03,95346,-0.02,0.14,-0.22,1.55,0.07,-1
2022-10-17,9.09,9.13,9.0,9.05,140226,-0.04,0.13,-0.44,1.44,0.07,1
2022-10-14,8.85,9.0,8.85,9.0,104012,0.15,0.15,1.67,1.67,0.08,1
2022-10-13,8.8,8.96,8.75,8.85,81132,0.05,0.21,0.57,2.36,0.1,1
2022-10-12,8.83,8.87,8.75,8.8,79246,-0.03,0.12,-0.34,1.41,0.06,-1
2022-10-11,8.93,8.93,8.76,8.83,61570,-0.1,0.17,-1.13,1.93,0.08,-1
2022-10-10,8.9,8.96,8.75,8.83,88431,-0.07,0.21,-0.79,2.38,0.1,-1
2022-10-07,8.99,9.03,8.94,8.95,41315,-0.04,0.09,-0.45,1.01,0.04,-1
2022-10-06,9.02,9.03,8.95,8.95,67724,-0.07,0.08,-0.78,0.89,0.04,-1
2022-10-05,9.05,9.15,9.01,9.02,62111,-0.03,0.14,-0.33,1.55,0.07,-1
2022-10-04,9.05,9.2,9.02,9.15,142554,0.1,0.18,1.09,1.97,0.09,1
2022-10-03,9.08,9.1,8.96,9.0,74410,-0.08,0.14,-0.89,1.58,0.07,1
2022-09-30,8.68,9.04,8.68,8.97,259616,0.29,0.36,3.23,4.01,0.18,1
2022-09-29,8.95,9.01,8.65,8.81,188062,-0.14,0.36,-1.56,4.08,0.18,-1
2022-09-28,8.81,9.0,8.81,8.97,102238,0.16,0.19,1.78,2.12,0.09,1
2022-09-27,9.08,9.08,8.7,8.9,288496,-0.18,0.38,-2.02,4.27,0.19,-1
2022-09-26,8.72,9.11,8.63,8.94,420580,0.22,0.48,2.46,5.35,0.24,1
2022-09-23,9.07,9.07,8.3,8.85,1106597,-0.22,0.77,-2.49,8.7,0.38,-1
2022-09-22,9.26,9.26,9.1,9.12,125166,-0.14,0.16,-1.56,1.75,0.08,-1
2022-09-21,9.26,9.32,9.2,9.23,217118,-0.03,0.12,-0.33,1.3,0.06,-1
2022-09-20,9.3,9.3,9.25,9.26,54526,-0.04,0.05,-0.43,0.54,0.03,-1
2022-09-19,9.28,9.3,9.25,9.3,65405,0.02,0.05,0.19,0.54,0.03,1
2022-09-16,9.3,9.31,9.26,9.28,123130,-0.02,0.05,-0.22,0.54,0.03,-1
2022-09-15,9.33,9.37,9.28,9.31,112357,-0.02,0.09,-0.21,0.97,0.04,-1
2022-09-14,9.3,9.42,9.3,9.35,72355,0.05,0.12,0.53,1.28,0.06,1
2022-09-13,9.3,9.37,9.22,9.28,176377,-0.02,0.15,-0.22,1.62,0.07,-1
2022-09-12,9.33,9.36,9.29,9.31,117930,-0.02,0.07,-0.21,0.77,0.04,1
2022-09-09,9.31,9.35,9.29,9.3,92074,-0.01,0.06,-0.11,0.65,0.03,-1
2022-09-08,9.3,9.35,9.3,9.3,34730,0.0,0.05,0.0,0.54,0.02,-1
2022-09-07,9.35,9.37,9.3,9.31,46979,-0.04,0.07,-0.43,0.81,0.04,-1
2022-09-06,9.33,9.34,9.29,9.32,118892,-0.01,0.05,-0.11,0.54,0.03,-1
2022-09-02,9.34,9.41,9.3,9.36,93618,0.02,0.11,0.21,1.18,0.05,1
2022-09-01,9.39,9.4,9.3,9.34,161304,-0.05,0.1,-0.54,1.07,0.05,-1
2022-08-31,9.32,9.59,9.3,9.43,221761,0.11,0.29,1.17,3.08,0.14,1
2022-08-30,9.35,9.35,9.32,9.32,46489,-0.03,0.03,-0.32,0.32,0.01,-1
2022-08-29,9.34,9.4,9.33,9.39,82745,0.05,0.07,0.53,0.8,0.04,1
2022-08-26,9.36,9.38,9.33,9.34,73914,-0.02,0.05,-0.21,0.54,0.03,-1
2022-08-25,9.36,9.4,9.31,9.35,80851,-0.01,0.09,-0.11,0.96,0.04,1
2022-08-24,9.35,9.37,9.3,9.32,102113,-0.03,0.07,-0.27,0.78,0.04,-1
2022-08-23,9.28,9.38,9.28,9.32,156727,0.04,0.1,0.43,1.07,0.05,1
2022-08-22,9.3,9.34,9.27,9.31,62313,0.01,0.07,0.11,0.75,0.04,1
2022-08-19,9.38,9.39,9.28,9.29,113052,-0.09,0.11,-0.97,1.18,0.06,-1
2022-08-18,9.25,9.35,9.24,9.31,150172,0.06,0.11,0.69,1.18,0.05,1
2022-08-17,9.25,9.31,9.25,9.25,86604,0.0,0.06,0.0,0.65,0.03,-1
2022-08-16,9.31,9.34,9.25,9.28,98003,-0.03,0.09,-0.32,0.95,0.04,-1
2022-08-15,9.35,9.4,9.31,9.32,155069,-0.03,0.09,-0.32,0.97,0.04,-1
2022-08-12,9.36,9.4,9.3,9.32,141351,-0.04,0.1,-0.43,1.07,0.05,-1
2022-08-11,9.38,9.38,9.31,9.34,87823,-0.04,0.07,-0.43,0.76,0.04,-1
2022-08-10,9.27,9.4,9.27,9.36,149556,0.09,0.13,1.01,1.4,0.07,1
2022-08-09,9.25,9.26,9.22,9.26,117711,0.01,0.04,0.11,0.4,0.02,1
2022-08-08,9.25,9.25,9.21,9.22,142336,-0.03,0.04,-0.33,0.43,0.02,1
2022-08-05,9.21,9.24,9.14,9.2,255376,-0.01,0.1,-0.11,1.09,0.05,-1
2022-08-04,9.24,9.25,9.12,9.2,129267,-0.04,0.13,-0.43,1.41,0.07,-1
2022-08-03,9.39,9.45,9.3,9.37,136484,-0.02,0.15,-0.21,1.6,0.07,-1
2022-08-02,9.43,9.45,9.37,9.38,100423,-0.05,0.08,-0.55,0.85,0.04,-1
2022-08-01,9.37,9.42,9.35,9.42,277274,0.05,0.07,0.53,0.74,0.04,1
2022-07-29,9.23,9.3,9.18,9.3,186748,0.07,0.12,0.75,1.29,0.06,1
2022-07-28,9.16,9.2,9.13,9.19,164678,0.03,0.07,0.33,0.76,0.03,1
2022-07-27,9.15,9.18,9.13,9.17,163078,0.02,0.05,0.22,0.6,0.03,-1
2022-07-26,9.18,9.2,9.13,9.18,162140,0.0,0.07,0.0,0.76,0.03,-1
2022-07-25,9.18,9.2,9.12,9.2,82540,0.02,0.08,0.22,0.86,0.04,1
2022-07-22,9.18,9.2,9.11,9.15,75247,-0.03,0.09,-0.33,0.98,0.04,1
2022-07-21,9.12,9.15,9.08,9.14,100999,0.02,0.07,0.22,0.77,0.04,-1
2022-07-20,9.11,9.17,9.1,9.14,145076,0.03,0.07,0.33,0.77,0.04,1
2022-07-19,9.09,9.1,9.05,9.08,143271,-0.01,0.05,-0.11,0.61,0.03,-1
2022-07-18,9.07,9.08,9.01,9.08,169716,0.01,0.07,0.11,0.77,0.04,1
2022-07-15,9.04,9.04,8.98,8.99,160560,-0.05,0.06,-0.56,0.67,0.03,-1
2022-07-14,8.92,8.99,8.89,8.99,136723,0.07,0.1,0.78,1.11,0.05,1
2022-07-13,8.91,9.0,8.9,8.91,166852,0.0,0.1,0.0,1.12,0.05,-1
2022-07-12,8.97,9.0,8.9,8.95,239684,-0.02,0.1,-0.22,1.15,0.05,-1
2022-07-11,9.07,9.07,8.95,8.96,320061,-0.11,0.12,-1.23,1.34,0.06,-1
2022-07-08,9.01,9.07,8.99,9.05,318839,0.04,0.08,0.44,0.92,0.04,1
2022-07-07,9.07,9.13,9.0,9.01,296618,-0.06,0.13,-0.67,1.44,0.06,-1
2022-07-06,9.13,9.13,8.97,9.04,267443,-0.09,0.16,-1.0,1.77,0.08,-1
2022-07-05,9.18,9.18,8.95,9.08,371376,-0.1,0.23,-1.1,2.53,0.12,-1
2022-07-01,9.2,9.23,9.06,9.14,231256,-0.06,0.17,-0.66,1.84,0.08,1
2022-06-30,9.14,9.18,9.03,9.1,346652,-0.04,0.15,-0.44,1.59,0.07,-1
2022-06-29,9.16,9.22,9.09,9.15,94212,-0.01,0.13,-0.11,1.47,0.07,-1
2022-06-28,9.2,9.25,9.14,9.15,122049,-0.05,0.11,-0.55,1.2,0.05,-1
2022-06-27,9.27,9.27,9.15,9.18,121026,-0.09,0.12,-0.98,1.31,0.06,-1
2022-06-24,9.17,9.25,9.12,9.18,150265,0.01,0.13,0.11,1.42,0.07,1
2022-06-23,9.15,9.22,9.11,9.16,125370,0.01,0.11,0.11,1.23,0.06,1
2022-06-22,9.18,9.25,9.05,9.12,114592,-0.06,0.2,-0.66,2.19,0.1,-1
2022-06-21,9.09,9.2,9.06,9.18,213356,0.09,0.14,0.98,1.53,0.07,1
2022-06-17,9.16,9.26,8.89,9.01,528487,-0.15,0.37,-1.66,4.08,0.18,-1
2022-06-16,9.38,9.4,9.0,9.19,398136,-0.19,0.4,-2.07,4.35,0.2,-1
2022-06-15,9.35,9.55,9.3,9.4,190501,0.05,0.25,0.53,2.7,0.13,1
2022-06-14,9.4,9.45,9.28,9.38,192603,-0.02,0.17,-0.21,1.81,0.08,-1
2022-06-13,9.67,9.67,9.33,9.43,299426,-0.24,0.34,-2.55,3.61,0.17,-1
2022-06-10,9.7,9.75,9.52,9.75,175694,0.05,0.23,0.51,2.36,0.12,1
2022-06-09,9.75,9.75,9.7,9.72,35544,-0.03,0.05,-0.26,0.51,0.03,-1
2022-06-08,9.74,9.75,9.69,9.75,54114,0.01,0.06,0.1,0.61,0.03,-1
2022-06-07,9.78,9.78,9.69,9.75,55807,-0.03,0.09,-0.33,0.92,0.04,-1
2022-06-06,9.74,9.8,9.67,9.75,52653,0.01,0.13,0.1,1.33,0.07,-1
2022-06-03,9.78,9.8,9.66,9.75,49278,-0.03,0.14,-0.31,1.38,0.07,-1
2022-06-02,9.75,9.8,9.69,9.79,162404,0.04,0.11,0.41,1.11,0.05,1
2022-06-01,9.74,9.78,9.63,9.72,114908,-0.02,0.15,-0.21,1.57,0.08,-1
2022-05-31,9.58,9.72,9.51,9.72,180108,0.14,0.21,1.44,2.16,0.11,1
2022-05-27,9.55,9.58,9.52,9.56,205549,0.01,0.06,0.16,0.63,0.03,1
2022-05-26,9.5,9.56,9.48,9.5,120254,0.0,0.08,0.0,0.84,0.04,1
2022-05-25,9.5,9.5,9.4,9.45,107992,-0.05,0.1,-0.53,1.06,0.05,1
2022-05-24,9.4,9.45,9.36,9.4,117735,0.0,0.09,0.0,0.96,0.04,-1
2022-05-23,9.48,9.48,9.43,9.45,62176,-0.03,0.05,-0.32,0.58,0.03,-1
2022-05-20,9.46,9.54,9.42,9.45,53070,-0.01,0.12,-0.11,1.24,0.06,-1
2022-05-19,9.47,9.53,9.44,9.46,62885,-0.01,0.1,-0.11,1.01,0.05,-1
2022-05-18,9.55,9.55,9.4,9.5,144204,-0.05,0.15,-0.53,1.58,0.08,-1
2022-05-17,9.5,9.54,9.46,9.54,83941,0.04,0.08,0.42,0.84,0.04,1
2022-05-16,9.47,9.55,9.35,9.49,139818,0.02,0.2,0.21,2.11,0.1,1
2022-05-13,9.33,9.55,9.3,9.43,269948,0.1,0.25,1.06,2.65,0.12,1
2022-05-12,9.52,9.54,9.18,9.28,370861,-0.24,0.36,-2.64,3.88,0.18,-1
2022-05-11,9.5,9.58,9.44,9.52,114697,0.02,0.14,0.21,1.47,0.07,1
2022-05-10,9.52,9.62,9.38,9.43,270986,-0.09,0.24,-0.95,2.6,0.12,-1
2022-05-09,9.66,9.66,9.41,9.47,338124,-0.19,0.25,-2.01,2.64,0.12,-1
2022-05-06,9.74,9.75,9.65,9.66,76712,-0.08,0.1,-0.83,1.04,0.05,-1
2022-05-05,9.72,9.78,9.63,9.74,149822,0.02,0.15,0.21,1.51,0.07,-1
2022-05-04,9.87,9.9,9.79,9.82,141668,-0.05,0.11,-0.51,1.12,0.06,-1
2022-05-03,9.82,9.9,9.75,9.83,213344,0.01,0.15,0.1,1.53,0.08,1
2022-05-02,9.9,9.92,9.75,9.8,325002,-0.1,0.17,-1.02,1.73,0.08,-1
2022-04-29,9.86,9.9,9.78,9.9,185447,0.04,0.12,0.4,1.21,0.06,1
2022-04-28,9.81,9.92,9.79,9.8,219967,-0.01,0.13,-0.1,1.33,0.07,-1
2022-04-27,9.85,9.9,9.82,9.85,124156,0.0,0.08,0.0,0.81,0.04,1
2022-04-26,9.94,9.95,9.79,9.84,206358,-0.1,0.16,-1.02,1.63,0.08,-1
2022-04-25,9.9,9.94,9.81,9.88,178078,-0.02,0.13,-0.2,1.32,0.06,-1
2022-04-22,9.98,10.0,9.81,9.88,123082,-0.1,0.19,-1.01,1.92,0.09,-1
2022-04-21,9.95,10.0,9.95,9.95,116756,0.0,0.05,0.0,0.5,0.03,-1
2022-04-20,9.8,10.0,9.8,9.97,198656,0.17,0.2,1.71,2.01,0.1,1
2022-04-19,9.87,9.87,9.78,9.84,168221,-0.03,0.09,-0.3,0.91,0.04,-1
2022-04-18,9.75,9.88,9.75,9.87,132344,0.12,0.12,1.22,1.27,0.06,1
2022-04-14,9.8,9.84,9.7,9.7,106876,-0.1,0.14,-1.03,1.47,0.07,-1
2022-04-13,9.87,9.88,9.72,9.8,176348,-0.07,0.16,-0.71,1.63,0.08,-1
2022-04-12,9.8,9.9,9.75,9.9,83777,0.1,0.15,1.01,1.52,0.08,1
2022-04-11,9.7,9.8,9.7,9.8,84921,0.1,0.1,1.02,1.02,0.05,1
2022-04-08,9.69,9.78,9.69,9.78,26126,0.09,0.09,0.92,0.92,0.04,1
2022-04-07,9.71,9.71,9.69,9.71,121652,0.0,0.02,0.0,0.21,0.01,-1
2022-04-06,9.67,9.71,9.66,9.71,294324,0.04,0.05,0.41,0.51,0.03,1
2022-04-05,9.66,9.7,9.65,9.68,447349,0.02,0.05,0.21,0.52,0.02,1
2022-04-04,9.65,9.68,9.6,9.67,135023,0.02,0.08,0.21,0.83,0.04,-1
2022-04-01,9.63,9.69,9.63,9.68,100762,0.05,0.06,0.52,0.62,0.03,1
2022-03-31,9.67,9.69,9.6,9.6,84724,-0.07,0.09,-0.73,0.94,0.04,-1
2022-03-30,9.66,9.7,9.65,9.67,73226,0.01,0.05,0.1,0.52,0.02,-1
2022-03-29,9.65,9.68,9.63,9.67,100442,0.02,0.05,0.21,0.52,0.02,-1
2022-03-28,9.65,9.67,9.6,9.67,120061,0.02,0.07,0.21,0.72,0.04,1
2022-03-25,9.66,9.69,9.49,9.65,572002,-0.01,0.2,-0.1,2.07,0.1,-1
2022-03-24,9.66,9.69,9.64,9.67,180072,0.01,0.05,0.1,0.52,0.03,-1
2022-03-23,9.66,9.67,9.66,9.67,67030,0.01,0.01,0.1,0.1,0.0,-1
2022-03-22,9.7,9.7,9.63,9.67,95650,-0.03,0.07,-0.31,0.72,0.03,-1
2022-03-21,9.74,9.74,9.63,9.67,138211,-0.07,0.11,-0.72,1.14,0.05,-1
2022-03-18,9.68,9.7,9.66,9.68,127931,0.0,0.04,0.0,0.42,0.02,-1
2022-03-17,9.69,9.7,9.66,9.7,199548,0.01,0.04,0.1,0.41,0.02,1
2022-03-16,9.61,9.7,9.61,9.68,152610,0.07,0.09,0.72,0.93,0.04,1
2022-03-15,9.65,9.67,9.6,9.65,55577,0.0,0.07,0.0,0.73,0.04,1
2022-03-14,9.62,9.68,9.55,9.62,99631,0.01,0.12,0.05,1.3,0.06,-1
2022-03-11,9.73,9.73,9.63,9.67,67277,-0.06,0.1,-0.62,1.03,0.05,-1
2022-03-10,9.72,9.72,9.65,9.67,79477,-0.05,0.07,-0.52,0.78,0.04,-1
2022-03-09,9.63,9.77,9.63,9.68,112771,0.05,0.14,0.52,1.42,0.07,1
2022-03-08,9.54,9.8,9.53,9.67,249899,0.13,0.27,1.34,2.79,0.13,1
2022-03-07,9.69,9.69,9.51,9.54,157142,-0.15,0.18,-1.57,1.89,0.09,-1
2022-03-04,9.72,9.72,9.51,9.63,122637,-0.09,0.21,-0.93,2.18,0.11,-1
2022-03-03,9.77,9.77,9.66,9.67,79906,-0.1,0.11,-1.03,1.14,0.05,-1
2022-03-02,9.67,9.75,9.66,9.73,76347,0.06,0.09,0.62,0.92,0.04,1
2022-03-01,9.72,9.75,9.66,9.68,61825,-0.04,0.09,-0.41,0.93,0.04,1
2022-02-28,9.65,9.81,9.62,9.62,141348,-0.03,0.19,-0.31,1.98,0.1,-1
2022-02-25,9.77,9.82,9.67,9.68,115398,-0.09,0.15,-0.93,1.55,0.08,-1
2022-02-24,9.6,9.77,9.56,9.7,109413,0.1,0.21,1.03,2.16,0.1,-1
2022-02-23,9.72,9.79,9.65,9.7,111844,-0.02,0.14,-0.15,1.44,0.07,1
2022-02-22,9.61,9.68,9.6,9.62,128008,0.01,0.08,0.1,0.83,0.04,-1
2022-02-18,9.53,9.74,9.53,9.7,111618,0.17,0.21,1.75,2.16,0.11,1
2022-02-17,9.79,9.8,9.62,9.66,115225,-0.13,0.18,-1.37,1.86,0.09,-1
2022-02-16,9.64,9.82,9.64,9.79,60675,0.15,0.18,1.53,1.84,0.09,1
2022-02-15,9.57,9.8,9.53,9.72,148014,0.15,0.27,1.54,2.78,0.13,1
2022-02-14,9.64,9.64,9.39,9.46,289669,-0.18,0.25,-1.9,2.64,0.12,-1
2022-02-11,9.74,9.74,9.6,9.64,163255,-0.1,0.14,-1.04,1.45,0.07,-1
2022-02-10,9.75,9.82,9.71,9.75,77809,0.0,0.11,0.0,1.13,0.05,-1
2022-02-09,9.73,9.78,9.68,9.76,89428,0.03,0.1,0.31,1.02,0.05,1
2022-02-08,9.67,9.75,9.62,9.68,111646,0.01,0.13,0.1,1.34,0.07,1
2022-02-07,9.67,9.67,9.61,9.62,162542,-0.05,0.06,-0.52,0.62,0.03,-1
2022-02-04,9.74,9.78,9.63,9.67,171154,-0.07,0.15,-0.72,1.55,0.07,-1
2022-02-03,9.85,9.98,9.85,9.86,135633,0.01,0.13,0.1,1.33,0.07,-1
2022-02-02,9.9,9.94,9.84,9.87,118006,-0.03,0.1,-0.34,0.97,0.05,-1
2022-02-01,9.99,9.99,9.82,9.89,247280,-0.1,0.17,-1.01,1.71,0.08,-1
2022-01-31,9.99,9.99,9.83,9.95,165169,-0.04,0.16,-0.4,1.61,0.08,-1
2022-01-28,9.96,10.01,9.9,9.96,115917,-0.01,0.11,-0.05,1.1,0.05,1
2022-01-27,10.0,10.0,9.87,9.95,127909,-0.05,0.13,-0.5,1.31,0.07,-1
2022-01-26,9.99,9.99,9.87,9.95,196683,-0.04,0.12,-0.4,1.21,0.06,1
2022-01-25,9.85,9.96,9.75,9.91,318055,0.06,0.21,0.61,2.12,0.11,1
2022-01-24,9.6,9.85,9.51,9.81,304228,0.21,0.34,2.14,3.47,0.17,1
2022-01-21,9.79,9.83,9.7,9.7,162133,-0.08,0.13,-0.88,1.34,0.07,-1
2022-01-20,9.83,9.93,9.8,9.8,108045,-0.03,0.13,-0.31,1.31,0.06,-1
2022-01-19,9.9,9.92,9.83,9.83,71613,-0.07,0.09,-0.71,0.92,0.04,-1
2022-01-18,9.95,10.07,9.85,9.87,127848,-0.08,0.22,-0.81,2.23,0.11,-1
2022-01-14,9.77,10.07,9.77,9.95,81802,0.18,0.3,1.81,3.05,0.15,1
2022-01-13,10.0,10.03,9.88,9.91,84981,-0.09,0.15,-0.91,1.56,0.08,-1
2022-01-12,9.82,10.0,9.75,10.0,229137,0.18,0.25,1.8,2.5,0.12,1
2022-01-11,9.7,9.87,9.66,9.86,134167,0.16,0.21,1.58,2.13,0.1,1
2022-01-10,9.6,9.73,9.56,9.71,92878,0.11,0.17,1.13,1.75,0.08,1
2022-01-07,9.59,9.74,9.56,9.6,133951,0.01,0.18,0.1,1.87,0.09,-1
2022-01-06,9.61,9.71,9.56,9.6,75586,-0.01,0.15,-0.1,1.56,0.08,-1
2022-01-05,9.72,9.73,9.55,9.6,169124,-0.12,0.18,-1.25,1.87,0.09,-1
2022-01-04,9.74,9.78,9.6,9.73,186113,-0.01,0.18,-0.1,1.85,0.09,-1
2022-01-03,9.84,9.85,9.65,9.82,122036,-0.02,0.2,-0.2,2.04,0.1,-1
2021-12-31,9.69,9.84,9.64,9.84,66871,0.15,0.2,1.52,2.03,0.1,1
2021-12-30,9.61,9.7,9.61,9.69,88192,0.08,0.09,0.85,0.93,0.04,1
2021-12-29,9.72,9.72,9.6,9.66,81621,-0.06,0.12,-0.62,1.24,0.06,-1
2021-12-28,9.75,9.75,9.6,9.72,134894,-0.03,0.15,-0.31,1.54,0.08,-1
2021-12-27,9.63,9.75,9.55,9.72,115282,0.09,0.2,0.93,2.06,0.1,-1
2021-12-23,9.49,9.75,9.48,9.74,172895,0.25,0.27,2.57,2.75,0.13,1
2021-12-22,9.46,9.58,9.42,9.46,68794,0.0,0.16,0.02,1.69,0.08,1
2021-12-21,9.45,9.55,9.42,9.44,114165,-0.01,0.13,-0.11,1.38,0.07,-1
2021-12-20,9.42,9.5,9.35,9.44,231020,0.02,0.15,0.21,1.59,0.08,-1
2021-12-17,9.61,9.7,9.49,9.59,98855,-0.02,0.21,-0.21,2.19,0.1,-1
2021-12-16,9.71,9.72,9.6,9.61,30551,-0.1,0.12,-1.04,1.25,0.06,-1
2021-12-15,9.84,9.85,9.34,9.64,308373,-0.2,0.51,-2.07,5.29,0.25,-1
2021-12-14,9.8,9.85,9.51,9.84,165309,0.04,0.34,0.41,3.46,0.17,-1
2021-12-13,9.69,9.85,9.62,9.85,55112,0.16,0.23,1.62,2.37,0.12,1
2021-12-10,9.87,9.88,9.59,9.69,86223,-0.18,0.29,-1.86,2.99,0.15,-1
2021-12-09,9.92,9.92,9.7,9.87,55783,-0.05,0.22,-0.51,2.23,0.11,-1
2021-12-08,9.9,9.93,9.6,9.93,50843,0.03,0.33,0.3,3.32,0.17,1
2021-12-07,9.68,9.93,9.66,9.9,92161,0.22,0.27,2.22,2.69,0.13,1
2021-12-06,9.55,9.7,9.45,9.68,81963,0.13,0.25,1.34,2.58,0.12,1
2021-12-03,9.73,9.79,9.35,9.51,193050,-0.22,0.44,-2.31,4.63,0.22,-1
2021-12-02,9.34,9.8,9.3,9.55,720663,0.21,0.5,2.2,5.24,0.25,1
2021-12-01,9.55,9.57,9.27,9.31,442795,-0.24,0.3,-2.58,3.22,0.15,-1
2021-11-30,9.65,9.68,9.18,9.38,895635,-0.27,0.5,-2.88,5.33,0.25,-1
2021-11-29,9.73,9.84,9.5,9.7,210312,-0.03,0.34,-0.31,3.51,0.17,-1
2021-11-26,9.85,9.85,9.66,9.77,163649,-0.08,0.19,-0.82,1.99,0.1,-1
2021-11-24,9.9,9.95,9.9,9.93,32361,0.03,0.05,0.3,0.52,0.03,-1
2021-11-23,9.91,9.95,9.83,9.95,60070,0.04,0.12,0.4,1.21,0.06,1
2021-11-22,9.82,9.93,9.76,9.88,137189,0.06,0.17,0.61,1.72,0.08,1
2021-11-19,9.96,10.01,9.78,9.8,148709,-0.16,0.23,-1.63,2.31,0.11,-1
2021-11-18,10.08,10.08,9.9,9.98,77734,-0.1,0.18,-1.0,1.8,0.09,-1
2021-11-17,10.0,10.09,10.0,10.06,52686,0.05,0.09,0.55,0.9,0.04,1
2021-11-16,10.13,10.13,9.95,10.0,331706,-0.13,0.18,-1.3,1.8,0.09,-1
2021-11-15,10.1,10.12,10.07,10.08,167159,-0.02,0.05,-0.22,0.55,0.03,-1
2021-11-12,10.14,10.14,10.02,10.1,310430,-0.04,0.12,-0.35,1.19,0.06,1
2021-11-11,10.05,10.08,10.0,10.06,101170,0.01,0.08,0.1,0.8,0.04,1
2021-11-10,10.16,10.16,10.04,10.05,72484,-0.11,0.12,-1.09,1.19,0.06,-1
2021-11-09,10.06,10.18,10.03,10.15,76480,0.09,0.15,0.88,1.43,0.07,1
2021-11-08,10.09,10.15,10.06,10.09,138792,0.0,0.09,0.0,0.94,0.05,-1
2021-11-05,10.17,10.17,10.01,10.09,146041,-0.08,0.16,-0.79,1.59,0.08,-1
2021-11-04,10.19,10.26,10.05,10.14,91341,-0.05,0.21,-0.49,2.07,0.1,-1
2021-11-03,10.24,10.26,10.21,10.26,161768,0.02,0.05,0.19,0.49,0.02,1
2021-11-02,10.22,10.24,10.22,10.22,84105,0.0,0.02,0.0,0.2,0.01,-1
2021-11-01,10.25,10.25,10.22,10.23,84674,-0.02,0.03,-0.2,0.29,0.01,-1
2021-10-29,10.24,10.25,10.21,10.23,144806,-0.01,0.04,-0.1,0.39,0.02,-1
2021-10-28,10.21,10.25,10.21,10.24,74520,0.03,0.04,0.29,0.39,0.02,1
2021-10-27,10.25,10.25,10.2,10.21,123148,-0.04,0.05,-0.39,0.49,0.03,-1
2021-10-26,10.2,10.26,10.13,10.25,294456,0.05,0.13,0.49,1.23,0.06,1
2021-10-25,10.11,10.22,10.1,10.2,180573,0.09,0.12,0.88,1.17,0.06,1
2021-10-22,10.16,10.19,10.09,10.1,80251,-0.06,0.1,-0.62,0.99,0.05,-1
2021-10-21,10.22,10.22,10.1,10.11,30276,-0.11,0.12,-1.09,1.15,0.06,-1
2021-10-20,10.18,10.19,10.11,10.15,108797,-0.03,0.08,-0.3,0.79,0.04,-1
2021-10-19,10.12,10.17,10.12,10.16,71999,0.04,0.05,0.39,0.46,0.02,1
2021-10-18,10.0,10.12,10.0,10.09,57722,0.09,0.12,0.89,1.19,0.06,1
2021-10-15,10.18,10.18,9.95,10.01,169777,-0.17,0.23,-1.7,2.3,0.12,-1
2021-10-14,10.05,10.15,9.98,10.14,166103,0.09,0.18,0.89,1.73,0.09,1
2021-10-13,10.1,10.2,9.83,9.92,181183,-0.18,0.37,-1.81,3.73,0.18,-1
2021-10-12,10.16,10.2,9.98,10.08,121892,-0.08,0.22,-0.79,2.18,0.11,-1
2021-10-11,10.04,10.18,10.02,10.16,151968,0.12,0.16,1.18,1.53,0.08,1
2021-10-08,10.05,10.09,9.95,10.0,101317,-0.05,0.14,-0.5,1.39,0.07,-1
2021-10-07,10.0,10.05,9.99,10.05,174499,0.05,0.06,0.5,0.6,0.03,1
2021-10-06,9.98,10.0,9.96,9.99,76528,0.01,0.04,0.1,0.4,0.02,1
2021-10-05,9.93,9.98,9.9,9.98,112925,0.05,0.08,0.5,0.8,0.04,1
2021-10-04,9.91,9.99,9.9,9.97,104528,0.06,0.09,0.6,0.9,0.04,1
2021-10-01,9.99,9.99,9.9,9.96,115818,-0.03,0.09,-0.3,0.89,0.04,-1
2021-09-30,9.96,10.0,9.95,9.99,100206,0.03,0.05,0.3,0.5,0.03,-1
2021-09-29,9.99,10.0,9.96,10.0,242449,0.01,0.04,0.1,0.4,0.02,1
2021-09-28,9.95,9.96,9.85,9.94,272495,-0.01,0.11,-0.1,1.1,0.05,1
2021-09-27,9.81,9.9,9.8,9.88,161797,0.07,0.1,0.71,1.01,0.05,1
2021-09-24,9.72,9.79,9.68,9.79,48238,0.07,0.11,0.72,1.12,0.05,1
2021-09-23,9.75,9.78,9.72,9.78,139413,0.03,0.06,0.31,0.61,0.03,1
2021-09-22,9.73,9.75,9.7,9.73,127034,-0.0,0.05,-0.0,0.49,0.02,-1
2021-09-21,9.62,9.75,9.56,9.75,122284,0.13,0.19,1.33,1.95,0.09,1
2021-09-20,9.65,9.72,9.24,9.66,436927,0.01,0.48,0.1,4.97,0.24,-1
2021-09-17,9.61,9.75,9.58,9.69,379197,0.08,0.17,0.83,1.75,0.08,1
2021-09-16,9.58,9.58,9.52,9.57,48766,-0.01,0.06,-0.1,0.65,0.03,1
2021-09-15,9.55,9.55,9.47,9.55,92742,0.0,0.08,0.0,0.85,0.04,-1
2021-09-14,9.54,9.6,9.53,9.57,78013,0.03,0.07,0.31,0.73,0.04,1
2021-09-13,9.49,9.54,9.46,9.53,265681,0.04,0.08,0.42,0.84,0.04,1
2021-09-10,9.54,9.54,9.44,9.51,106345,-0.03,0.1,-0.37,1.05,0.05,-1
2021-09-09,9.45,9.54,9.45,9.54,80634,0.09,0.09,0.94,0.94,0.04,1
2021-09-08,9.45,9.5,9.42,9.5,105182,0.05,0.08,0.53,0.84,0.04,1
2021-09-07,9.48,9.49,9.45,9.49,203031,0.01,0.04,0.11,0.42,0.02,1
2021-09-03,9.45,9.49,9.4,9.46,107899,0.01,0.09,0.11,0.95,0.04,1
2021-09-02,9.36,9.45,9.36,9.45,246535,0.09,0.09,0.95,0.95,0.04,1
2021-09-01,9.39,9.4,9.33,9.39,139544,0.0,0.07,0.0,0.75,0.04,-1
2021-08-31,9.38,9.49,9.33,9.39,214387,0.01,0.16,0.11,1.7,0.08,1
2021-08-30,9.39,9.39,9.33,9.35,89666,-0.04,0.06,-0.43,0.64,0.03,-1
2021-08-27,9.37,9.39,9.33,9.38,151820,0.01,0.06,0.15,0.64,0.03,1
2021-08-26,9.36,9.38,9.31,9.31,188349,-0.05,0.07,-0.54,0.77,0.04,-1
2021-08-25,9.35,9.41,9.35,9.38,152120,0.03,0.06,0.32,0.64,0.03,-1
2021-08-24,9.35,9.4,9.35,9.39,34238,0.04,0.05,0.42,0.57,0.03,1
2021-08-23,9.3,9.42,9.3,9.35,123647,0.05,0.12,0.53,1.28,0.06,1
2021-08-20,9.34,9.35,9.26,9.33,231083,-0.01,0.09,-0.13,0.96,0.04,1
2021-08-19,9.2,9.38,9.17,9.25,339950,0.05,0.21,0.54,2.31,0.11,-1
2021-08-18,9.42,9.44,9.38,9.43,299512,0.01,0.06,0.11,0.64,0.03,1
2021-08-17,9.45,9.45,9.38,9.4,194496,-0.05,0.07,-0.53,0.74,0.03,-1
2021-08-16,9.45,9.45,9.38,9.45,189806,0.0,0.07,0.0,0.74,0.03,1
2021-08-13,9.4,9.44,9.36,9.44,130850,0.04,0.07,0.42,0.79,0.04,1
2021-08-12,9.4,9.4,9.37,9.38,119125,-0.03,0.03,-0.27,0.32,0.02,-1
2021-08-11,9.4,9.4,9.37,9.38,71621,-0.02,0.03,-0.16,0.32,0.02,-1
2021-08-10,9.4,9.4,9.35,9.4,175330,0.0,0.05,0.0,0.53,0.03,-1
2021-08-09,9.4,9.4,9.37,9.4,192128,0.0,0.03,0.0,0.32,0.02,-1
2021-08-06,9.4,9.41,9.35,9.4,264243,0.0,0.06,0.0,0.65,0.03,-1
2021-08-05,9.45,9.45,9.32,9.4,317765,-0.05,0.13,-0.53,1.38,0.06,-1
2021-08-04,9.6,9.6,9.55,9.57,100432,-0.03,0.05,-0.31,0.52,0.02,-1
2021-08-03,9.6,9.6,9.52,9.57,198887,-0.03,0.08,-0.26,0.84,0.04,1
2021-08-02,9.58,9.59,9.55,9.56,170391,-0.02,0.04,-0.21,0.42,0.02,1
2021-07-30,9.56,9.57,9.5,9.54,255821,-0.02,0.07,-0.21,0.74,0.04,-1
2021-07-29,9.53,9.56,9.51,9.56,439377,0.03,0.05,0.31,0.52,0.03,1
2021-07-28,9.45,9.51,9.42,9.49,509596,0.04,0.08,0.42,0.86,0.04,1
2021-07-27,9.45,9.45,9.39,9.43,174294,-0.02,0.06,-0.21,0.64,0.03,1
2021-07-26,9.4,9.42,9.37,9.39,774320,-0.01,0.05,-0.11,0.53,0.02,1
2021-07-23,9.39,9.39,9.33,9.38,733118,-0.01,0.06,-0.11,0.64,0.03,1
2021-07-22,9.32,9.35,9.29,9.33,540194,0.01,0.06,0.11,0.61,0.03,1
2021-07-21,9.3,9.35,9.26,9.28,402796,-0.02,0.09,-0.22,0.97,0.04,-1
2021-07-20,9.27,9.3,9.24,9.28,346680,0.01,0.06,0.11,0.66,0.03,1
2021-07-19,9.25,9.37,9.16,9.27,360360,0.02,0.21,0.22,2.26,0.1,-1
2021-07-16,9.32,9.35,9.27,9.28,887995,-0.04,0.08,-0.38,0.86,0.04,-1
2021-07-15,9.35,9.35,9.28,9.32,181954,-0.03,0.07,-0.32,0.79,0.04,-1
2021-07-14,9.32,9.38,9.2,9.34,432574,0.02,0.18,0.21,1.88,0.09,1
2021-07-13,9.4,9.41,9.3,9.3,406062,-0.1,0.11,-1.08,1.18,0.05,-1
2021-07-12,9.5,9.5,9.37,9.4,450949,-0.1,0.13,-1.06,1.38,0.07,-1
2021-07-09,9.49,9.5,9.45,9.48,121328,-0.01,0.05,-0.11,0.53,0.03,-1
2021-07-08,9.45,9.49,9.37,9.49,179796,0.04,0.12,0.42,1.26,0.06,1
2021-07-07,9.48,9.49,9.4,9.4,205660,-0.08,0.09,-0.85,0.96,0.04,-1
2021-07-06,9.39,9.45,9.39,9.45,150319,0.06,0.06,0.63,0.63,0.03,1
2021-07-02,9.4,9.4,9.39,9.39,129235,-0.01,0.01,-0.11,0.11,0.0,-1
2021-07-01,9.4,9.4,9.38,9.4,144382,0.0,0.02,0.0,0.21,0.01,1
2021-06-30,9.45,9.45,9.38,9.38,105194,-0.07,0.07,-0.75,0.75,0.03,-1
2021-06-29,9.4,9.43,9.38,9.43,142535,0.03,0.05,0.32,0.53,0.02,1
2021-06-28,9.36,9.4,9.35,9.4,229158,0.04,0.05,0.43,0.53,0.03,1
2021-06-25,9.36,9.37,9.33,9.36,77509,0.0,0.04,0.0,0.43,0.02,-1
2021-06-24,9.4,9.4,9.32,9.36,293269,-0.04,0.08,-0.43,0.85,0.04,-1
2021-06-23,9.4,9.4,9.35,9.37,141228,-0.03,0.05,-0.32,0.55,0.03,1
2021-06-22,9.4,9.4,9.32,9.36,133516,-0.04,0.08,-0.43,0.85,0.04,-1
2021-06-21,9.36,9.4,9.35,9.36,151164,0.0,0.05,0.0,0.53,0.03,-1
2021-06-18,9.4,9.4,9.34,9.38,251534,-0.02,0.06,-0.16,0.64,0.03,-1
2021-06-17,9.4,9.44,9.35,9.4,102068,0.0,0.09,0.0,0.96,0.04,-1
2021-06-16,9.45,9.45,9.38,9.4,285702,-0.05,0.07,-0.53,0.74,0.03,1
2021-06-15,9.41,9.44,9.37,9.38,199770,-0.03,0.07,-0.32,0.72,0.03,-1
2021-06-14,9.5,9.5,9.37,9.39,316690,-0.11,0.13,-1.17,1.38,0.07,-1
2021-06-11,9.49,9.5,9.43,9.49,113837,0.0,0.07,0.05,0.79,0.04,1
2021-06-10,9.5,9.5,9.36,9.4,215746,-0.1,0.14,-1.09,1.49,0.07,-1
2021-06-09,9.53,9.53,9.48,9.5,116633,-0.03,0.05,-0.32,0.53,0.02,1
2021-06-08,9.5,9.56,9.43,9.49,106289,-0.01,0.13,-0.11,1.35,0.06,-1
2021-06-07,9.57,9.6,9.46,9.5,260343,-0.07,0.14,-0.74,1.43,0.07,-1
2021-06-04,9.62,9.64,9.55,9.55,181453,-0.07,0.09,-0.73,0.94,0.04,-1
2021-06-03,9.59,9.62,9.51,9.62,128269,0.03,0.11,0.31,1.14,0.05,1
2021-06-02,9.37,9.6,9.35,9.55,495362,0.18,0.25,1.88,2.62,0.12,1
2021-06-01,9.27,9.4,9.2,9.37,177077,0.1,0.2,1.07,2.13,0.1,1
2021-05-28,9.28,9.3,9.15,9.15,179421,-0.13,0.15,-1.42,1.64,0.08,-1
2021-05-27,9.2,9.3,9.2,9.29,157179,0.09,0.1,0.96,1.08,0.05,1
2021-05-26,9.16,9.25,9.16,9.18,105966,0.02,0.09,0.22,0.98,0.04,1
2021-05-25,9.15,9.18,9.15,9.17,199956,0.02,0.03,0.2,0.33,0.01,-1
2021-05-24,9.16,9.18,9.15,9.17,179443,0.01,0.03,0.11,0.33,0.01,1
2021-05-21,9.15,9.16,9.12,9.16,233709,0.01,0.04,0.11,0.44,0.02,1
2021-05-20,9.14,9.15,9.12,9.12,337602,-0.02,0.03,-0.22,0.33,0.02,1
2021-05-19,9.08,9.14,9.07,9.11,251265,0.03,0.07,0.33,0.77,0.04,-1
2021-05-18,9.12,9.12,9.1,9.11,106934,-0.01,0.02,-0.11,0.22,0.01,-1
2021-05-17,9.1,9.12,9.09,9.12,186874,0.02,0.03,0.22,0.33,0.01,1
2021-05-14,9.06,9.12,9.01,9.11,239785,0.05,0.11,0.55,1.21,0.05,1
2021-05-13,9.05,9.1,8.94,8.95,338618,-0.1,0.16,-1.12,1.79,0.08,-1
2021-05-12,9.09,9.09,9.04,9.04,340567,-0.05,0.05,-0.61,0.61,0.03,-1
2021-05-11,9.09,9.09,8.97,9.09,193239,0.0,0.12,0.0,1.32,0.06,-1
2021-05-10,9.09,9.13,9.06,9.11,438183,0.02,0.07,0.22,0.77,0.04,1
2021-05-07,9.09,9.09,9.0,9.05,286252,-0.04,0.09,-0.44,0.99,0.04,-1
2021-05-06,9.0,9.13,8.97,9.1,378483,0.1,0.16,1.1,1.76,0.08,-1
2021-05-05,9.12,9.16,9.11,9.12,238779,0.0,0.05,0.0,0.55,0.03,1
2021-05-04,9.15,9.16,9.01,9.11,448157,-0.04,0.15,-0.44,1.65,0.08,-1
2021-05-03,9.1,9.15,9.1,9.13,391105,0.03,0.05,0.33,0.55,0.03,1
2021-04-30,9.12,9.19,9.03,9.04,461675,-0.08,0.16,-0.88,1.77,0.08,-1
2021-04-29,9.1,9.12,9.02,9.1,413165,0.0,0.1,0.0,1.1,0.05,-1
2021-04-28,8.98,9.11,8.97,9.1,298254,0.12,0.14,1.32,1.54,0.07,1
2021-04-27,8.99,9.04,8.93,8.98,207579,-0.01,0.11,-0.11,1.22,0.05,1
2021-04-26,8.94,9.1,8.91,8.96,603694,0.02,0.19,0.22,2.12,0.09,1
2021-04-23,8.94,8.95,8.88,8.94,213037,0.0,0.07,0.0,0.78,0.03,1
2021-04-22,8.95,8.95,8.86,8.9,229785,-0.05,0.09,-0.56,1.01,0.04,1
2021-04-21,8.87,8.9,8.84,8.88,185072,0.02,0.06,0.17,0.66,0.03,1
2021-04-20,8.96,8.96,8.8,8.87,242583,-0.09,0.16,-1.01,1.8,0.08,-1
2021-04-19,8.94,8.95,8.84,8.95,276119,0.01,0.11,0.11,1.23,0.05,1
2021-04-16,8.95,8.98,8.9,8.9,500512,-0.05,0.08,-0.56,0.91,0.04,-1
2021-04-15,8.85,8.95,8.8,8.95,383768,0.1,0.15,1.12,1.68,0.07,1
2021-04-14,8.78,8.88,8.78,8.79,347758,0.01,0.1,0.11,1.14,0.05,-1
2021-04-13,8.77,8.84,8.75,8.79,288941,0.02,0.09,0.23,1.02,0.04,1
2021-04-12,8.75,8.79,8.75,8.75,283430,0.0,0.04,0.0,0.46,0.02,1
2021-04-09,8.73,8.78,8.72,8.74,173250,0.01,0.06,0.11,0.69,0.03,-1
2021-04-08,8.74,8.84,8.73,8.75,134189,0.01,0.11,0.11,1.25,0.05,1
2021-04-07,8.83,8.83,8.7,8.71,270352,-0.12,0.13,-1.38,1.49,0.07,-1
2021-04-06,8.75,8.8,8.7,8.75,236080,0.0,0.1,0.0,1.15,0.05,-1
2021-04-05,8.93,8.93,8.7,8.75,308398,-0.18,0.23,-2.06,2.63,0.12,1
2021-04-01,8.68,8.75,8.65,8.71,551246,0.03,0.1,0.34,1.15,0.05,1
2021-03-31,8.6,8.7,8.59,8.64,248209,0.04,0.11,0.46,1.27,0.05,1
2021-03-30,8.71,8.75,8.6,8.6,584267,-0.11,0.15,-1.28,1.74,0.08,-1
2021-03-29,8.89,8.95,8.7,8.71,789885,-0.18,0.25,-2.07,2.87,0.12,1
2021-03-26,8.32,8.9,8.32,8.64,1778499,0.32,0.58,3.7,6.71,0.29,1
2021-03-25,8.25,8.28,8.18,8.18,712353,-0.07,0.1,-0.86,1.22,0.05,-1
2021-03-24,8.25,8.25,8.18,8.2,135688,-0.05,0.07,-0.61,0.85,0.04,-1
2021-03-23,8.25,8.3,8.17,8.2,449319,-0.04,0.13,-0.55,1.58,0.07,-1
2021-03-22,8.25,8.25,8.15,8.2,167944,-0.05,0.1,-0.61,1.22,0.05,-1
2021-03-19,8.12,8.2,8.11,8.2,154644,0.08,0.09,0.94,1.1,0.04,1
2021-03-18,8.2,8.2,8.1,8.12,225680,-0.08,0.1,-0.99,1.23,0.05,-1
2021-03-17,8.23,8.23,8.13,8.2,276753,-0.03,0.1,-0.37,1.22,0.05,-1
2021-03-16,8.24,8.25,8.12,8.2,739555,-0.04,0.13,-0.49,1.56,0.06,-1
2021-03-15,8.19,8.21,8.16,8.2,140790,0.01,0.05,0.12,0.61,0.02,1
2021-03-12,8.2,8.2,8.18,8.19,93613,-0.01,0.02,-0.12,0.26,0.01,-1
2021-03-11,8.34,8.34,8.18,8.19,160942,-0.15,0.16,-1.83,1.95,0.08,-1
2021-03-10,8.19,8.22,8.17,8.19,131231,0.0,0.04,0.0,0.55,0.02,-1
2021-03-09,8.25,8.25,8.05,8.19,140026,-0.06,0.2,-0.73,2.44,0.1,-1
2021-03-08,8.25,8.29,8.15,8.2,118660,-0.05,0.14,-0.61,1.71,0.07,-1
2021-03-05,8.25,8.25,8.0,8.21,166160,-0.04,0.25,-0.49,3.05,0.12,1
2021-03-04,8.08,8.21,8.08,8.15,481873,0.07,0.13,0.86,1.6,0.07,1
2021-03-03,8.06,8.13,8.0,8.05,402452,-0.01,0.14,-0.12,1.68,0.07,1
2021-03-02,7.92,8.05,7.9,7.98,161750,0.06,0.15,0.76,1.88,0.08,1
2021-03-01,7.94,7.95,7.87,7.93,179155,-0.01,0.08,-0.13,1.01,0.04,1
2021-02-26,7.82,7.85,7.73,7.85,316764,0.03,0.12,0.38,1.53,0.06,1
2021-02-25,7.88,8.0,7.82,7.82,361825,-0.06,0.18,-0.77,2.3,0.09,-1
2021-02-24,7.9,7.94,7.83,7.88,508310,-0.02,0.11,-0.25,1.41,0.06,1
2021-02-23,7.87,7.92,7.8,7.84,233446,-0.03,0.12,-0.38,1.53,0.06,1
2021-02-22,7.95,7.95,7.8,7.8,284756,-0.15,0.15,-1.92,1.92,0.08,-1
2021-02-19,8.0,8.0,7.9,7.95,71052,-0.05,0.1,-0.63,1.26,0.05,1
2021-02-18,8.0,8.0,7.89,7.9,74254,-0.1,0.11,-1.27,1.39,0.06,-1
2021-02-17,8.06,8.06,7.95,7.95,82135,-0.11,0.11,-1.38,1.38,0.06,-1
2021-02-16,7.95,8.06,7.95,8.05,166000,0.1,0.11,1.24,1.37,0.06,1
2021-02-12,7.8,8.05,7.78,7.93,139401,0.13,0.27,1.64,3.4,0.14,1
2021-02-11,7.8,7.85,7.76,7.8,254523,0.0,0.09,0.0,1.15,0.04,1
2021-02-10,7.85,7.85,7.77,7.78,334939,-0.07,0.08,-0.9,1.03,0.04,-1
2021-02-09,7.92,7.92,7.83,7.87,166723,-0.05,0.09,-0.64,1.14,0.04,-1
2021-02-08,8.0,8.0,7.9,7.92,290699,-0.08,0.1,-1.01,1.26,0.05,-1
2021-02-05,8.0,8.0,7.9,7.95,236498,-0.05,0.1,-0.63,1.26,0.05,-1
2021-02-04,7.98,8.01,7.93,7.98,225836,0.0,0.08,0.0,0.94,0.04,-1
2021-02-03,8.1,8.12,8.05,8.08,281955,-0.02,0.07,-0.25,0.87,0.04,1
2021-02-02,8.14,8.14,8.03,8.06,229719,-0.08,0.11,-0.99,1.32,0.05,1
2021-02-01,8.2,8.2,8.05,8.05,258772,-0.15,0.15,-1.86,1.86,0.08,1
2021-01-29,8.09,8.09,7.97,8.0,133566,-0.09,0.12,-1.12,1.49,0.06,-1
2021-01-28,8.05,8.09,8.03,8.06,81425,0.01,0.06,0.12,0.74,0.03,1
2021-01-27,8.09,8.09,8.0,8.05,123639,-0.04,0.09,-0.52,1.12,0.04,-1
2021-01-26,8.23,8.23,8.06,8.09,98054,-0.14,0.17,-1.73,2.1,0.08,-1
2021-01-25,8.03,8.25,8.02,8.21,125108,0.18,0.23,2.19,2.83,0.12,1
2021-01-22,8.01,8.09,7.98,8.01,198869,0.0,0.11,0.0,1.37,0.05,-1
2021-01-21,8.1,8.1,8.01,8.03,52664,-0.07,0.09,-0.87,1.12,0.04,-1
2021-01-20,8.13,8.13,8.02,8.1,97906,-0.03,0.11,-0.37,1.36,0.06,-1
2021-01-19,8.07,8.14,8.01,8.11,119336,0.04,0.13,0.49,1.6,0.07,-1
2021-01-15,8.15,8.18,8.05,8.14,108423,-0.02,0.13,-0.18,1.6,0.06,-1
2021-01-14,7.94,8.2,7.94,8.15,125739,0.21,0.26,2.58,3.19,0.13,1
2021-01-13,8.19,8.2,7.97,8.02,239851,-0.17,0.23,-2.12,2.87,0.11,-1
2021-01-12,7.88,8.25,7.88,8.19,262720,0.31,0.37,3.79,4.53,0.19,1
2021-01-11,7.84,7.87,7.7,7.83,170911,-0.01,0.17,-0.13,2.17,0.08,1
2021-01-08,7.88,7.88,7.68,7.8,133787,-0.08,0.2,-1.03,2.56,0.1,-1
2021-01-07,7.98,7.98,7.73,7.82,582810,-0.16,0.25,-2.05,3.2,0.12,1
2021-01-06,7.66,7.89,7.62,7.79,521730,0.13,0.27,1.67,3.44,0.13,1
2021-01-05,7.51,7.75,7.42,7.65,177052,0.14,0.33,1.83,4.25,0.16,1
2021-01-04,7.52,7.64,7.35,7.39,204413,-0.13,0.29,-1.76,3.92,0.14,-1
2020-12-31,7.6,7.62,7.47,7.47,186123,-0.13,0.15,-1.74,2.01,0.08,-1
2020-12-30,7.64,7.64,7.55,7.58,137136,-0.06,0.09,-0.79,1.19,0.04,-1
2020-12-29,7.75,7.75,7.58,7.6,85279,-0.15,0.17,-1.97,2.17,0.08,-1
2020-12-28,7.78,7.8,7.64,7.65,173793,-0.13,0.16,-1.7,2.09,0.08,1
2020-12-24,7.66,7.75,7.64,7.64,92677,-0.02,0.11,-0.26,1.44,0.05,1
2020-12-23,7.7,7.7,7.62,7.63,196597,-0.07,0.08,-0.92,1.05,0.04,-1
2020-12-22,7.78,7.78,7.6,7.63,253390,-0.15,0.18,-1.97,2.37,0.09,-1
2020-12-21,7.77,7.77,7.68,7.68,290289,-0.09,0.09,-1.17,1.17,0.04,-1
2020-12-18,7.83,7.83,7.67,7.71,100915,-0.12,0.16,-1.56,2.08,0.08,-1
2020-12-17,7.85,7.85,7.76,7.78,188985,-0.07,0.09,-0.9,1.16,0.04,-1
2020-12-16,7.83,7.85,7.79,7.79,159368,-0.04,0.06,-0.51,0.77,0.03,-1
2020-12-15,7.9,7.92,7.77,7.83,190467,-0.07,0.15,-0.89,1.92,0.08,-1
2020-12-14,7.99,8.0,7.84,7.86,298493,-0.13,0.16,-1.72,2.04,0.08,-1
2020-12-11,7.9,7.9,7.75,7.9,129517,0.0,0.15,0.0,1.9,0.08,-1
2020-12-10,7.95,8.03,7.64,7.9,274258,-0.05,0.39,-0.63,4.94,0.19,1
2020-12-09,8.01,8.15,7.83,7.85,244722,-0.16,0.32,-2.04,4.08,0.16,-1
2020-12-08,7.73,7.95,7.64,7.95,412791,0.22,0.31,2.77,3.9,0.16,1
2020-12-07,7.57,7.65,7.51,7.52,102657,-0.05,0.14,-0.66,1.86,0.07,-1
2020-12-04,7.68,7.75,7.6,7.65,183756,-0.03,0.15,-0.39,1.95,0.07,1
2020-12-03,7.55,7.66,7.4,7.47,329175,-0.08,0.26,-1.07,3.48,0.13,-1
2020-12-02,7.39,7.64,7.34,7.57,245850,0.18,0.3,2.38,3.95,0.15,1
2020-12-01,7.01,7.48,7.01,7.43,277386,0.42,0.47,5.65,6.29,0.23,1
2020-11-30,7.04,7.13,6.99,7.03,236609,-0.01,0.14,-0.14,1.99,0.07,-1
2020-11-27,7.04,7.09,7.0,7.06,125733,0.02,0.09,0.28,1.27,0.04,-1
2020-11-25,7.13,7.14,7.0,7.09,309820,-0.04,0.14,-0.56,1.97,0.07,-1
2020-11-24,7.03,7.14,7.03,7.13,458890,0.1,0.11,1.4,1.54,0.05,1
2020-11-23,7.01,7.1,6.95,7.03,229738,0.02,0.15,0.28,2.13,0.07,1
2020-11-20,6.97,7.09,6.86,7.0,60568,0.03,0.23,0.43,3.26,0.11,1
2020-11-19,6.99,6.99,6.8,6.83,141558,-0.16,0.19,-2.34,2.78,0.1,-1
2020-11-18,7.05,7.05,6.85,6.95,209560,-0.1,0.2,-1.44,2.88,0.1,-1
2020-11-17,7.1,7.18,6.95,6.99,141837,-0.11,0.23,-1.57,3.32,0.12,-1
2020-11-16,7.05,7.37,6.87,7.2,216026,0.15,0.5,2.08,6.94,0.25,1
2020-11-13,6.75,7.11,6.67,7.0,308694,0.25,0.44,3.57,6.29,0.22,1
2020-11-12,6.55,6.71,6.48,6.67,281411,0.12,0.23,1.8,3.45,0.11,1
2020-11-11,6.48,6.55,6.44,6.5,151706,0.02,0.11,0.31,1.69,0.05,1
2020-11-10,6.14,6.45,6.14,6.45,131325,0.31,0.31,4.81,4.81,0.16,1
2020-11-09,6.17,6.34,6.06,6.26,350716,0.09,0.28,1.44,4.47,0.14,1
2020-11-06,6.05,6.15,6.05,6.06,85305,0.01,0.1,0.17,1.65,0.05,-1
2020-11-05,6.1,6.17,6.0,6.16,304492,0.06,0.17,0.97,2.76,0.08,-1
2020-11-04,6.15,6.22,6.13,6.17,189729,0.02,0.09,0.4,1.46,0.04,-1
2020-11-03,6.15,6.23,6.12,6.19,101031,0.04,0.11,0.65,1.7,0.05,1
2020-11-02,6.19,6.27,6.1,6.1,169124,-0.09,0.17,-1.48,2.82,0.09,-1
2020-10-30,6.25,6.25,6.1,6.15,97399,-0.1,0.15,-1.63,2.44,0.08,-1
2020-10-29,6.1,6.2,6.1,6.15,74870,0.05,0.1,0.81,1.63,0.05,1
2020-10-28,6.15,6.18,6.01,6.08,237246,-0.07,0.17,-1.15,2.84,0.09,-1
2020-10-27,6.2,6.2,6.05,6.1,366706,-0.1,0.15,-1.64,2.46,0.08,1
2020-10-26,6.16,6.2,5.85,6.03,270365,-0.13,0.35,-2.16,5.8,0.17,-1
2020-10-23,6.21,6.24,6.17,6.2,98741,-0.01,0.07,-0.16,1.13,0.04,-1
2020-10-22,6.2,6.29,6.17,6.2,145539,0.0,0.12,0.0,1.94,0.06,1
2020-10-21,6.23,6.37,6.15,6.19,49346,-0.04,0.22,-0.65,3.54,0.11,-1
2020-10-20,6.23,6.35,6.18,6.3,150585,0.07,0.17,1.11,2.7,0.08,1
2020-10-19,6.15,6.22,6.08,6.2,153057,0.05,0.14,0.81,2.26,0.07,1
2020-10-16,6.14,6.18,6.05,6.11,223236,-0.03,0.13,-0.49,2.13,0.06,1
2020-10-15,6.03,6.1,5.97,6.06,171617,0.03,0.13,0.5,2.15,0.06,-1
2020-10-14,6.21,6.21,5.97,6.06,266478,-0.15,0.24,-2.48,3.96,0.12,1
2020-10-13,6.02,6.02,5.94,5.99,170913,-0.03,0.08,-0.5,1.34,0.04,-1
2020-10-12,6.1,6.1,5.9,5.99,270820,-0.11,0.2,-1.84,3.34,0.1,-1
2020-10-09,6.1,6.13,6.03,6.09,101044,-0.01,0.1,-0.16,1.64,0.05,-1
2020-10-08,6.0,6.12,5.98,6.1,192929,0.1,0.14,1.64,2.23,0.07,1
2020-10-07,5.98,6.02,5.94,5.97,221926,-0.01,0.08,-0.17,1.42,0.04,-1
2020-10-06,5.95,6.05,5.95,6.0,91268,0.05,0.1,0.83,1.67,0.05,1
2020-10-05,6.0,6.01,5.9,5.97,154728,-0.03,0.11,-0.5,1.84,0.05,-1
2020-10-02,6.0,6.0,5.85,5.97,119293,-0.03,0.15,-0.5,2.51,0.08,-1
2020-10-01,5.9,6.0,5.9,5.97,67667,0.07,0.1,1.17,1.68,0.05,1
2020-09-30,6.0,6.03,5.89,5.89,383162,-0.11,0.14,-1.87,2.38,0.07,-1
2020-09-29,6.02,6.02,5.85,6.0,106819,-0.02,0.17,-0.33,2.83,0.08,-1
2020-09-28,5.96,6.03,5.94,6.0,312811,0.04,0.09,0.67,1.5,0.04,1
2020-09-25,5.98,6.0,5.88,5.98,221297,0.0,0.12,0.0,2.09,0.06,-1
2020-09-24,5.98,6.01,5.9,5.99,237006,0.01,0.11,0.17,1.84,0.05,1
2020-09-23,6.05,6.11,5.88,5.95,439130,-0.1,0.23,-1.68,3.87,0.12,-1
2020-09-22,6.16,6.16,6.01,6.12,138653,-0.04,0.15,-0.65,2.45,0.08,-1
2020-09-21,6.17,6.19,6.04,6.15,260714,-0.02,0.15,-0.33,2.44,0.08,-1
2020-09-18,6.15,6.18,6.1,6.17,101983,0.02,0.08,0.32,1.23,0.04,1
2020-09-17,6.17,6.19,6.02,6.15,140693,-0.02,0.17,-0.33,2.76,0.09,-1
2020-09-16,6.24,6.25,6.18,6.18,153966,-0.06,0.07,-0.97,1.13,0.04,-1
2020-09-15,6.18,6.25,6.15,6.2,161695,0.02,0.1,0.32,1.61,0.05,1
2020-09-14,6.2,6.2,6.16,6.19,124196,-0.01,0.04,-0.16,0.65,0.02,-1
2020-09-11,6.2,6.2,6.12,6.19,162508,-0.01,0.08,-0.16,1.29,0.04,1
2020-09-10,6.2,6.23,6.1,6.14,101097,-0.06,0.13,-0.98,2.12,0.06,-1
2020-09-09,6.22,6.22,6.15,6.22,94647,0.0,0.07,0.0,1.13,0.03,1
2020-09-08,6.26,6.26,6.15,6.2,124882,-0.06,0.11,-0.97,1.77,0.05,-1
2020-09-04,6.27,6.32,6.12,6.26,124077,-0.01,0.2,-0.16,3.19,0.1,-1
2020-09-03,6.26,6.28,6.18,6.27,192131,0.01,0.1,0.16,1.59,0.05,-1
2020-09-02,6.34,6.34,6.2,6.27,97473,-0.07,0.14,-1.12,2.23,0.07,-1
2020-09-01,6.24,6.28,6.19,6.27,114315,0.03,0.09,0.48,1.5,0.05,-1
2020-08-31,6.24,6.3,6.2,6.27,113216,0.03,0.1,0.48,1.67,0.05,-1
2020-08-28,6.25,6.27,6.16,6.27,135108,0.02,0.11,0.32,1.75,0.05,1
2020-08-27,6.21,6.38,6.15,6.25,227887,0.04,0.23,0.64,3.6,0.11,1
2020-08-26,6.29,6.34,6.2,6.24,223252,-0.05,0.14,-0.8,2.24,0.07,-1
2020-08-25,6.35,6.38,6.21,6.27,563432,-0.08,0.17,-1.28,2.71,0.08,-1
2020-08-24,6.1,6.34,6.08,6.3,2275720,0.2,0.26,3.17,4.13,0.13,1
2020-08-21,6.04,6.1,6.04,6.06,166717,0.02,0.07,0.33,1.07,0.03,1
2020-08-20,6.05,6.1,6.0,6.05,208215,0.0,0.1,0.0,1.65,0.05,-1
2020-08-19,6.05,6.12,6.04,6.05,216595,0.0,0.08,0.0,1.4,0.04,-1
2020-08-18,6.08,6.14,6.02,6.05,181102,-0.03,0.12,-0.5,1.98,0.06,-1
2020-08-17,6.04,6.2,6.0,6.11,392796,0.07,0.2,1.15,3.27,0.1,1
2020-08-14,6.25,6.33,5.92,5.92,377491,-0.33,0.41,-5.57,6.92,0.2,-1
2020-08-13,6.32,6.32,6.18,6.21,228808,-0.11,0.14,-1.77,2.25,0.07,-1
2020-08-12,6.29,6.38,6.25,6.3,252695,0.01,0.13,0.16,2.09,0.07,-1
2020-08-11,6.36,6.5,6.31,6.32,171126,-0.04,0.19,-0.63,3.01,0.1,-1
2020-08-10,6.31,6.4,6.25,6.4,264071,0.09,0.15,1.41,2.34,0.08,1
2020-08-07,6.3,6.35,6.23,6.3,135141,0.0,0.12,0.0,1.9,0.06,-1
2020-08-06,6.57,6.57,6.23,6.31,862818,-0.26,0.34,-4.12,5.39,0.17,-1
2020-08-05,6.78,6.8,6.58,6.58,379323,-0.2,0.22,-3.04,3.34,0.11,-1
2020-08-04,6.74,6.82,6.6,6.67,430352,-0.07,0.22,-1.05,3.3,0.11,1
2020-08-03,6.55,6.55,6.4,6.51,250975,-0.04,0.15,-0.61,2.3,0.07,1
2020-07-31,6.49,6.5,6.37,6.38,226230,-0.11,0.13,-1.72,2.04,0.06,-1
2020-07-30,6.45,6.48,6.33,6.42,99654,-0.03,0.15,-0.47,2.34,0.08,-1
2020-07-29,6.5,6.5,6.35,6.45,147997,-0.05,0.15,-0.78,2.29,0.07,1
2020-07-28,6.47,6.47,6.09,6.33,264862,-0.14,0.38,-2.21,6.0,0.19,-1
2020-07-27,6.4,6.49,6.3,6.37,263844,-0.03,0.19,-0.47,2.98,0.1,-1
2020-07-24,6.2,6.38,6.16,6.38,401087,0.18,0.22,2.82,3.45,0.11,1
2020-07-23,6.0,6.36,5.97,6.23,437865,0.23,0.39,3.69,6.26,0.2,1
2020-07-22,5.99,6.08,5.86,5.95,1508853,-0.04,0.22,-0.67,3.7,0.11,1
2020-07-21,6.05,6.05,5.9,5.93,3213226,-0.12,0.15,-2.02,2.53,0.07,1
2020-07-20,5.95,6.0,5.85,5.9,2908448,-0.05,0.15,-0.85,2.54,0.08,1
2020-07-17,6.0,6.1,5.8,5.84,1768500,-0.16,0.29,-2.74,5.05,0.15,1
2020-07-16,5.63,5.69,5.51,5.58,325494,-0.05,0.18,-0.9,3.23,0.09,-1
2020-07-15,5.35,5.7,5.31,5.63,1455488,0.28,0.39,4.97,6.93,0.2,1
2020-07-14,5.35,5.4,5.31,5.34,2214613,-0.01,0.09,-0.19,1.68,0.04,-1
2020-07-13,5.5,5.5,5.34,5.34,2512868,-0.16,0.16,-3.0,3.0,0.08,-1
2020-07-10,5.45,5.45,5.35,5.39,422899,-0.06,0.1,-1.11,1.86,0.05,1
2020-07-09,5.36,5.45,5.36,5.38,316890,0.02,0.09,0.37,1.67,0.04,1
2020-07-08,5.5,5.5,5.34,5.35,644655,-0.15,0.16,-2.8,2.99,0.08,-1
2020-07-07,5.44,5.5,5.4,5.45,262157,0.01,0.1,0.18,1.83,0.05,1
2020-07-06,5.6,5.6,5.23,5.42,668177,-0.18,0.37,-3.32,6.83,0.18,-1
2020-07-02,5.5,5.5,5.41,5.48,260784,-0.02,0.09,-0.36,1.64,0.04,1
2020-07-01,5.51,5.62,5.45,5.45,699567,-0.06,0.17,-1.1,3.12,0.08,-1
2020-06-30,5.9,5.9,5.47,5.47,1084153,-0.43,0.43,-7.86,7.86,0.22,-1
2020-06-29,5.67,5.67,5.5,5.6,525891,-0.07,0.17,-1.25,3.04,0.08,1
2020-06-26,5.77,5.79,5.53,5.58,148093,-0.19,0.26,-3.41,4.66,0.13,-1
2020-06-25,5.78,5.8,5.75,5.77,129141,-0.01,0.05,-0.17,0.87,0.02,1
2020-06-24,5.92,5.92,5.5,5.75,1293214,-0.17,0.42,-2.96,7.3,0.21,-1
2020-06-23,6.02,6.07,5.86,5.9,288777,-0.12,0.21,-2.03,3.56,0.1,-1
2020-06-22,6.05,6.13,5.85,5.96,816330,-0.09,0.28,-1.51,4.74,0.14,-1
2020-06-19,6.09,6.25,5.98,6.03,1171669,-0.06,0.27,-1.0,4.48,0.13,1
2020-06-18,6.28,6.28,5.95,6.02,948577,-0.26,0.33,-4.32,5.48,0.17,-1
2020-06-17,6.33,6.4,6.1,6.1,315086,-0.23,0.3,-3.77,4.92,0.15,-1
2020-06-16,6.45,6.58,6.27,6.33,156282,-0.12,0.31,-1.9,4.9,0.15,1
2020-06-15,6.19,6.3,6.13,6.24,940580,0.05,0.17,0.88,2.74,0.09,-1
2020-06-12,6.58,6.58,6.06,6.26,450696,-0.32,0.52,-5.11,8.31,0.26,1
2020-06-11,6.8,6.8,5.93,6.14,1777053,-0.66,0.87,-10.66,14.16,0.44,-1
2020-06-10,7.05,7.05,6.82,6.82,1204166,-0.23,0.23,-3.37,3.43,0.12,-1
2020-06-09,7.13,7.13,7.0,7.03,536977,-0.1,0.13,-1.42,1.85,0.06,-1
2020-06-08,7.21,7.29,7.06,7.12,723304,-0.08,0.23,-1.19,3.23,0.12,1
2020-06-05,7.03,7.34,6.98,7.03,491302,0.0,0.36,0.0,5.12,0.18,1
2020-06-04,6.9,6.95,6.81,6.94,137686,0.04,0.14,0.58,2.02,0.07,1
2020-06-03,6.8,6.95,6.75,6.91,214255,0.11,0.2,1.59,2.89,0.1,1
2020-06-02,6.9,6.9,6.78,6.8,68485,-0.1,0.12,-1.47,1.76,0.06,1
2020-06-01,6.92,6.92,6.68,6.78,119677,-0.14,0.24,-2.06,3.55,0.12,1
2020-05-29,6.76,6.76,6.57,6.63,69953,-0.13,0.19,-1.96,2.87,0.09,1
2020-05-28,6.65,6.8,6.56,6.6,79746,-0.05,0.24,-0.76,3.57,0.12,1
2020-05-27,6.65,6.65,6.51,6.56,59019,-0.09,0.14,-1.37,2.13,0.07,1
2020-05-26,6.55,6.65,6.41,6.55,182933,0.0,0.24,0.0,3.66,0.12,-1
2020-05-22,6.41,6.65,6.17,6.55,101341,0.14,0.48,2.14,7.33,0.24,-1
2020-05-21,6.68,6.7,6.31,6.59,96677,-0.09,0.39,-1.37,5.92,0.2,-1
2020-05-20,6.45,6.73,6.36,6.61,148111,0.16,0.37,2.42,5.6,0.19,1
2020-05-19,6.41,6.45,6.3,6.35,88533,-0.06,0.15,-0.94,2.28,0.07,-1
2020-05-18,6.27,6.64,6.15,6.43,218953,0.16,0.49,2.42,7.64,0.25,1
2020-05-15,6.07,6.26,5.95,6.06,88832,-0.01,0.31,-0.17,5.05,0.15,1
2020-05-14,6.23,6.23,5.73,6.02,94013,-0.21,0.5,-3.49,8.31,0.25,-1
2020-05-13,6.33,6.33,6.0,6.1,115519,-0.23,0.33,-3.77,5.33,0.16,-1
2020-05-12,6.35,6.51,6.14,6.16,111917,-0.19,0.37,-3.08,6.07,0.19,-1
2020-05-11,6.4,6.47,6.35,6.36,105995,-0.04,0.12,-0.63,1.89,0.06,-1
2020-05-08,6.46,6.52,6.3,6.4,101192,-0.06,0.22,-1.01,3.44,0.11,-1
2020-05-07,6.42,6.49,6.24,6.4,111210,-0.02,0.25,-0.31,3.91,0.12,-1
2020-05-06,6.5,6.5,6.17,6.42,222316,-0.08,0.33,-1.25,5.14,0.17,1
2020-05-05,6.5,6.66,6.25,6.3,486354,-0.2,0.41,-3.17,6.51,0.21,1
2020-05-04,6.29,6.3,5.92,6.03,226074,-0.26,0.38,-4.31,6.3,0.19,-1
2020-05-01,6.95,7.0,6.25,6.29,315938,-0.66,0.75,-10.49,11.92,0.38,-1
2020-04-30,6.87,7.09,6.78,6.9,956664,0.03,0.31,0.43,4.57,0.16,1
2020-04-29,6.5,6.95,6.43,6.85,267203,0.35,0.52,5.11,7.54,0.26,1
2020-04-28,6.1,6.48,6.1,6.23,469851,0.13,0.38,2.09,6.02,0.19,1
2020-04-27,6.0,6.25,5.76,5.98,370055,-0.02,0.49,-0.33,8.19,0.25,1
2020-04-24,5.4,5.72,5.28,5.5,610351,0.1,0.43,1.82,7.91,0.22,1
2020-04-23,5.52,5.52,5.16,5.31,221716,-0.21,0.36,-3.95,6.78,0.18,1
2020-04-22,5.0,5.14,4.9,5.02,151173,0.02,0.24,0.4,4.85,0.12,1
2020-04-21,4.9,5.02,4.73,4.88,149506,-0.02,0.29,-0.41,5.86,0.14,-1
2020-04-20,5.09,5.14,4.85,4.9,504416,-0.19,0.29,-3.88,5.92,0.15,-1
2020-04-17,5.06,5.2,5.06,5.15,514802,0.09,0.14,1.75,2.72,0.07,1
2020-04-16,4.8,4.92,4.63,4.7,56673,-0.1,0.29,-2.13,6.17,0.14,-1
2020-04-15,4.99,4.99,4.3,4.75,130810,-0.24,0.69,-5.05,14.53,0.35,-1
2020-04-14,5.26,5.35,5.0,5.1,236691,-0.16,0.35,-3.14,6.86,0.17,-1
2020-04-13,5.0,5.42,4.81,5.25,300749,0.25,0.61,4.76,11.62,0.31,1
2020-04-09,4.3,4.98,4.26,4.69,528537,0.39,0.72,8.32,15.25,0.36,1
2020-04-08,4.2,4.21,3.98,4.13,469474,-0.07,0.23,-1.69,5.57,0.12,1
2020-04-07,4.2,4.23,3.97,4.03,373848,-0.17,0.26,-4.22,6.45,0.13,1
2020-04-06,4.0,4.05,3.9,3.93,322353,-0.07,0.15,-1.78,3.82,0.07,1
2020-04-03,4.25,4.25,3.86,3.9,148774,-0.35,0.39,-8.97,10.0,0.2,-1
2020-04-02,4.0,4.42,3.9,4.05,203339,0.05,0.52,1.23,12.96,0.26,1
2020-04-01,3.66,3.89,3.51,3.87,168959,0.21,0.38,5.43,9.82,0.19,1
2020-03-31,4.25,4.25,3.8,3.8,274926,-0.45,0.45,-11.84,11.84,0.23,-1
2020-03-30,4.0,4.29,3.62,3.93,328175,-0.07,0.67,-1.78,17.05,0.34,1
2020-03-27,4.05,4.44,3.8,3.91,209677,-0.14,0.64,-3.58,16.37,0.32,-1
2020-03-26,4.0,4.5,4.0,4.12,222071,0.12,0.5,2.91,12.14,0.25,1
2020-03-25,3.58,4.23,3.51,3.95,372235,0.37,0.72,9.37,18.23,0.36,1
2020-03-24,3.61,4.1,3.42,3.45,234976,-0.16,0.68,-4.64,19.71,0.34,-1
2020-03-23,3.61,3.79,3.25,3.75,166436,0.14,0.54,3.73,14.4,0.27,-1
2020-03-20,4.1,4.6,3.66,3.91,244993,-0.19,0.94,-4.86,23.92,0.47,-1
2020-03-19,2.6,4.66,1.98,4.03,459677,1.43,2.68,35.43,66.46,1.34,1
2020-03-18,3.25,3.25,1.96,2.82,643740,-0.43,1.29,-15.34,45.78,0.64,-1
2020-03-17,3.85,4.1,3.56,3.65,373363,-0.2,0.54,-5.52,14.8,0.27,1
2020-03-16,4.44,4.44,3.55,3.55,686016,-0.89,0.89,-25.07,25.07,0.45,-1
2020-03-13,4.67,4.97,4.21,4.82,559937,0.15,0.76,3.15,15.86,0.38,1
2020-03-12,5.04,5.05,3.9,4.06,465758,-0.98,1.15,-24.14,28.36,0.58,-1
2020-03-11,5.7,6.0,5.0,5.41,349120,-0.29,1.0,-5.36,18.41,0.5,-1
2020-03-10,7.3,7.88,3.77,6.15,846781,-1.15,4.11,-18.7,66.83,2.05,-1
2020-03-09,8.17,8.17,6.51,6.7,649524,-1.47,1.66,-21.94,24.78,0.83,-1
2020-03-06,8.6,8.7,8.44,8.51,103013,-0.09,0.26,-1.06,3.01,0.13,-1
2020-03-05,8.85,8.85,8.66,8.73,69933,-0.12,0.19,-1.37,2.18,0.09,-1
2020-03-04,8.87,8.93,8.84,8.86,108356,-0.01,0.09,-0.11,1.02,0.04,1
2020-03-03,8.9,8.93,8.78,8.84,149473,-0.06,0.15,-0.68,1.7,0.08,1
2020-03-02,8.7,8.84,8.4,8.78,297911,0.08,0.44,0.91,5.01,0.22,1
2020-02-28,8.36,8.59,8.21,8.33,308550,-0.03,0.38,-0.36,4.62,0.19,-1
2020-02-27,8.99,9.0,8.5,8.55,489753,-0.44,0.5,-5.15,5.85,0.25,-1
2020-02-26,9.07,9.07,8.96,9.0,328296,-0.07,0.11,-0.78,1.22,0.05,-1
2020-02-25,9.16,9.2,8.8,9.07,3881280,-0.09,0.4,-0.99,4.41,0.2,-1
2020-02-24,9.19,9.2,9.15,9.15,183977,-0.04,0.05,-0.44,0.55,0.02,-1
2020-02-21,9.2,9.22,9.17,9.19,140195,-0.01,0.05,-0.14,0.54,0.03,-1
2020-02-20,9.2,9.22,9.18,9.19,127072,-0.01,0.04,-0.11,0.43,0.02,-1
2020-02-19,9.22,9.24,9.18,9.19,117626,-0.03,0.06,-0.33,0.65,0.03,-1
2020-02-18,9.21,9.22,9.18,9.2,206736,-0.01,0.04,-0.11,0.43,0.02,1
2020-02-14,9.2,9.22,9.18,9.19,50330,-0.01,0.04,-0.11,0.44,0.02,1
2020-02-13,9.15,9.19,9.15,9.17,79625,0.02,0.04,0.22,0.44,0.02,-1
2020-02-12,9.16,9.23,9.16,9.18,41196,0.02,0.07,0.22,0.73,0.03,1
2020-02-11,9.21,9.22,9.15,9.16,247823,-0.05,0.07,-0.53,0.76,0.04,-1
2020-02-10,9.18,9.23,9.18,9.21,100692,0.03,0.05,0.33,0.58,0.03,1
2020-02-07,9.24,9.24,9.15,9.18,514752,-0.06,0.09,-0.65,0.98,0.04,-1
2020-02-06,9.29,9.29,9.18,9.21,398214,-0.08,0.11,-0.87,1.19,0.05,-1
2020-02-05,9.4,9.41,9.38,9.4,211077,0.0,0.03,0.0,0.29,0.01,-1
2020-02-04,9.4,9.42,9.38,9.4,212486,0.0,0.04,0.0,0.43,0.02,-1
2020-02-03,9.4,9.42,9.36,9.4,153083,0.0,0.06,0.0,0.64,0.03,1
2020-01-31,9.42,9.42,9.33,9.36,664757,-0.06,0.09,-0.64,0.96,0.04,-1
2020-01-30,9.4,9.42,9.34,9.4,629806,0.0,0.08,0.0,0.85,0.04,-1
2020-01-29,9.44,9.44,9.37,9.4,196442,-0.04,0.07,-0.43,0.74,0.04,-1
2020-01-28,9.35,9.43,9.35,9.4,248038,0.05,0.08,0.53,0.8,0.04,1
2020-01-27,9.4,9.4,9.28,9.29,242709,-0.11,0.12,-1.18,1.29,0.06,-1
2020-01-24,9.4,9.4,9.32,9.35,236238,-0.05,0.08,-0.53,0.86,0.04,1
2020-01-23,9.35,9.35,9.29,9.32,263752,-0.03,0.06,-0.32,0.64,0.03,-1
2020-01-22,9.4,9.4,9.32,9.34,256733,-0.06,0.08,-0.64,0.86,0.04,1
2020-01-21,9.4,9.4,9.31,9.33,145186,-0.07,0.09,-0.75,0.96,0.04,1
2020-01-17,9.25,9.3,9.24,9.3,2633594,0.05,0.06,0.54,0.65,0.03,1
2020-01-16,9.26,9.27,9.24,9.25,2199810,-0.01,0.03,-0.11,0.32,0.01,-1
2020-01-15,9.27,9.28,9.25,9.26,337446,-0.01,0.03,-0.11,0.32,0.01,-1
2020-01-14,9.28,9.28,9.25,9.27,292300,-0.01,0.03,-0.11,0.32,0.01,-1
2020-01-13,9.3,9.3,9.25,9.27,205419,-0.03,0.05,-0.32,0.54,0.03,-1
2020-01-10,9.3,9.3,9.26,9.27,186623,-0.03,0.04,-0.32,0.43,0.02,-1
2020-01-09,9.27,9.3,9.26,9.27,177525,0.0,0.04,0.0,0.42,0.02,-1
2020-01-08,9.3,9.3,9.25,9.27,185406,-0.03,0.05,-0.32,0.54,0.03,-1
2020-01-07,9.27,9.29,9.26,9.27,257436,0.0,0.03,0.0,0.32,0.01,-1
2020-01-06,9.3,9.3,9.24,9.27,729973,-0.03,0.06,-0.32,0.65,0.03,1
2020-01-03,9.23,9.25,9.2,9.23,509567,0.0,0.05,0.0,0.54,0.03,-1
2020-01-02,9.24,9.24,9.21,9.23,205714,-0.01,0.03,-0.11,0.33,0.01,-1
2019-12-31,9.25,9.26,9.2,9.23,677756,-0.02,0.06,-0.22,0.65,0.03,-1
2019-12-30,9.26,9.3,9.25,9.26,287639,0.0,0.05,0.0,0.54,0.03,1
2019-12-27,9.3,9.3,9.23,9.25,112634,-0.05,0.07,-0.54,0.76,0.04,-1
2019-12-26,9.22,9.25,9.2,9.25,419319,0.03,0.05,0.32,0.54,0.03,1
2019-12-24,9.2,9.23,9.19,9.21,178987,0.01,0.04,0.12,0.43,0.02,1
2019-12-23,9.22,9.22,9.15,9.19,1204177,-0.03,0.07,-0.33,0.76,0.04,1
2019-12-20,9.18,9.18,9.13,9.16,1749025,-0.02,0.05,-0.22,0.58,0.03,1
2019-12-19,9.14,9.14,9.1,9.12,8630909,-0.02,0.04,-0.22,0.44,0.02,1
2019-12-18,9.15,9.15,9.1,9.1,463258,-0.05,0.05,-0.55,0.55,0.03,-1
2019-12-17,9.14,9.14,9.1,9.11,59810,-0.03,0.04,-0.33,0.44,0.02,1
2019-12-16,9.12,9.12,9.1,9.1,118515,-0.02,0.02,-0.22,0.22,0.01,-1
2019-12-13,9.12,9.13,9.09,9.1,89351,-0.02,0.04,-0.22,0.44,0.02,-1
2019-12-12,9.11,9.15,9.09,9.1,616637,-0.01,0.06,-0.11,0.66,0.03,1
2019-12-11,9.11,9.22,9.09,9.09,1557840,-0.02,0.13,-0.22,1.43,0.07,-1
2019-12-10,9.1,9.13,9.09,9.09,37427,-0.01,0.04,-0.06,0.44,0.02,-1
2019-12-09,9.12,9.12,9.1,9.11,17698,-0.01,0.03,-0.1,0.29,0.01,-1
2019-12-06,9.12,9.13,9.11,9.12,24320,0.0,0.02,0.0,0.18,0.01,-1
2019-12-05,9.13,9.15,9.13,9.14,28977,0.01,0.02,0.11,0.22,0.01,-1
2019-12-04,9.17,9.17,9.14,9.15,40761,-0.02,0.03,-0.22,0.33,0.01,-1
2019-12-03,9.18,9.18,9.15,9.15,50168,-0.03,0.03,-0.33,0.33,0.01,-1
2019-12-02,9.18,9.18,9.15,9.16,30648,-0.02,0.03,-0.18,0.31,0.01,-1
2019-11-29,9.18,9.18,9.18,9.18,1035,0.0,0.0,0.0,0.0,0.0,1
2019-11-27,9.17,9.18,9.15,9.16,11134,-0.01,0.03,-0.11,0.33,0.01,1
2019-11-26,9.17,9.17,9.15,9.15,2223,-0.02,0.02,-0.22,0.22,0.01,-1
2019-11-25,9.17,9.17,9.16,9.17,12333,-0.0,0.01,-0.02,0.11,0.01,1
2019-11-22,9.14,9.18,9.14,9.16,3379,0.02,0.04,0.22,0.43,0.02,1
2019-11-21,9.16,9.17,9.14,9.14,4341,-0.02,0.03,-0.18,0.33,0.01,-1
2019-11-20,9.16,9.18,9.16,9.16,2710,0.0,0.02,0.0,0.22,0.01,-1
2019-11-19,9.16,9.18,9.15,9.18,6319,0.02,0.03,0.2,0.33,0.01,1
2019-11-18,9.16,9.17,9.15,9.16,74474,0.0,0.02,0.0,0.22,0.01,-1
2019-11-15,9.16,9.18,9.14,9.16,60586,0.0,0.04,0.0,0.44,0.02,-1
2019-11-14,9.15,9.2,9.15,9.16,35117,0.01,0.05,0.11,0.54,0.02,-1
2019-11-13,9.17,9.18,9.14,9.17,221640,0.0,0.04,0.02,0.44,0.02,-1
2019-11-12,9.22,9.22,9.17,9.18,11701,-0.04,0.05,-0.47,0.59,0.03,1
2019-11-11,9.16,9.16,9.14,9.14,1830,-0.02,0.02,-0.25,0.25,0.01,-1
2019-11-08,9.12,9.18,9.12,9.16,39607,0.04,0.06,0.44,0.66,0.03,1
2019-11-07,9.14,9.18,9.12,9.14,54093,-0.0,0.06,-0.01,0.66,0.03,1
2019-11-06,9.1,9.12,9.05,9.12,24567,0.02,0.07,0.22,0.77,0.03,-1
2019-11-05,9.24,9.49,9.17,9.49,1287203,0.25,0.32,2.63,3.37,0.16,1
2019-11-04,9.22,9.28,9.2,9.21,349512,-0.01,0.08,-0.11,0.87,0.04,1
2019-11-01,9.22,9.23,9.2,9.2,19716,-0.02,0.03,-0.22,0.28,0.01,1
2019-10-31,9.21,9.25,9.19,9.19,130374,-0.02,0.06,-0.22,0.65,0.03,-1
2019-10-30,9.21,9.26,9.2,9.2,1043063,-0.01,0.06,-0.12,0.67,0.03,-1
2019-10-29,9.23,9.29,9.2,9.2,2510397,-0.03,0.09,-0.33,0.95,0.04,-1
2019-10-28,9.24,9.24,9.22,9.22,1418515,-0.02,0.02,-0.22,0.22,0.01,-1
2019-10-25,9.26,9.28,9.23,9.23,52204,-0.03,0.05,-0.33,0.54,0.02,-1
2019-10-24,9.21,9.26,9.21,9.24,2013225,0.03,0.05,0.31,0.54,0.02,-1
2019-10-23,9.29,9.35,9.24,9.24,24620,-0.05,0.11,-0.54,1.18,0.05,-1
2019-10-22,9.35,9.35,9.28,9.28,7550,-0.07,0.07,-0.78,0.78,0.04,1
2019-10-21,9.28,9.28,9.17,9.18,33701,-0.1,0.12,-1.09,1.25,0.06,-1
2019-10-18,9.3,9.3,9.28,9.28,3599,-0.02,0.02,-0.22,0.22,0.01,1
2019-10-17,9.23,9.26,9.23,9.24,12400,0.01,0.04,0.06,0.38,0.02,-1
2019-10-16,9.21,9.27,9.17,9.25,37400,0.04,0.1,0.43,1.07,0.05,1
2019-10-15,9.26,9.26,9.21,9.22,54799,-0.04,0.05,-0.43,0.54,0.02,-1
2019-10-14,9.34,9.34,9.18,9.24,13300,-0.1,0.15,-1.04,1.65,0.08,1
2019-10-11,9.35,9.35,9.19,9.21,193839,-0.14,0.16,-1.52,1.69,0.08,-1
2019-10-10,9.34,9.34,9.26,9.26,10000,-0.08,0.08,-0.84,0.84,0.04,1
2019-10-09,9.25,9.25,9.19,9.22,12400,-0.03,0.06,-0.34,0.65,0.03,-1
2019-10-08,9.15,9.23,9.12,9.22,9130,0.07,0.11,0.72,1.16,0.05,1
2019-10-07,9.21,9.21,9.16,9.16,18198,-0.05,0.05,-0.55,0.55,0.03,-1
2019-10-04,9.25,9.25,9.2,9.2,4900,-0.05,0.05,-0.54,0.54,0.03,1
2019-10-03,9.17,9.17,9.15,9.15,6600,-0.02,0.02,-0.22,0.22,0.01,1
2019-10-02,9.25,9.25,9.12,9.14,12700,-0.11,0.13,-1.21,1.42,0.07,-1
2019-10-01,9.34,9.34,9.24,9.24,23759,-0.1,0.1,-1.06,1.06,0.05,-1
2019-09-30,9.25,9.25,9.21,9.24,20200,-0.02,0.04,-0.16,0.43,0.02,-1
2019-09-27,9.26,9.26,9.23,9.25,85500,-0.01,0.03,-0.11,0.32,0.01,-1
2019-09-26,9.3,9.3,9.25,9.26,1507780,-0.04,0.05,-0.43,0.54,0.03,1
2019-09-25,9.25,9.31,9.2,9.25,51369,0.0,0.11,0.0,1.19,0.06,1
2019-09-24,9.19,9.35,9.18,9.24,1717644,0.05,0.16,0.56,1.79,0.08,1
2019-09-23,9.2,9.2,9.19,9.2,12300,0.0,0.01,0.0,0.11,0.0,-1
2019-09-20,9.15,9.22,9.15,9.22,299800,0.07,0.07,0.81,0.81,0.04,1
2019-09-19,9.12,9.15,9.12,9.15,5800,0.03,0.03,0.31,0.33,0.02,-1
2019-09-18,9.15,9.15,9.15,9.15,2000,0.0,0.0,0.0,0.0,0.0,-1
2019-09-17,9.18,9.18,9.14,9.15,56270,-0.03,0.04,-0.33,0.46,0.02,-1
2019-09-16,9.15,9.18,9.13,9.18,123460,0.04,0.05,0.38,0.58,0.03,1
2019-09-13,9.15,9.15,9.1,9.1,60150,-0.05,0.05,-0.55,0.55,0.03,-1
2019-09-12,9.15,9.21,9.1,9.21,42840,0.06,0.11,0.65,1.19,0.06,1
2019-09-11,9.15,9.15,9.15,9.15,4100,0.0,0.0,0.0,0.02,0.0,-1
2019-09-10,9.15,9.15,9.15,9.15,10900,0.0,0.0,0.0,0.0,0.0,-1
2019-09-09,9.25,9.25,9.15,9.16,57806,-0.09,0.1,-0.98,1.08,0.05,1
2019-09-06,9.21,9.21,9.04,9.08,125400,-0.13,0.17,-1.43,1.87,0.09,-1
2019-09-05,9.19,9.21,9.18,9.21,15044,0.02,0.03,0.22,0.33,0.02,1
2019-09-04,9.2,9.24,9.19,9.2,144699,0.0,0.05,0.0,0.57,0.03,-1
2019-09-03,9.21,9.22,9.2,9.2,5600,-0.01,0.02,-0.15,0.22,0.01,-1
2019-08-30,9.2,9.2,9.2,9.2,125000,0.0,0.0,0.0,0.0,0.0,-1
2019-08-29,9.22,9.23,9.18,9.2,47007,-0.02,0.05,-0.17,0.54,0.03,-1
2019-08-28,9.27,9.3,9.22,9.23,105888,-0.04,0.08,-0.43,0.87,0.04,-1
2019-08-27,9.2,9.4,9.2,9.35,325600,0.15,0.2,1.6,2.14,0.1,-1
2019-08-26,9.59,9.59,9.37,9.38,4694,-0.21,0.22,-2.24,2.35,0.11,1
2019-08-20,9.25,9.26,9.22,9.22,5700,-0.03,0.04,-0.3,0.41,0.02,-1
2019-08-19,9.31,9.31,9.31,9.31,62,0.0,0.0,0.0,0.0,0.0,-1
2019-08-16,9.31,9.31,9.31,9.31,900,0.0,0.0,0.0,0.0,0.0,-1
2019-08-15,9.31,9.31,9.31,9.31,1600,0.0,0.0,0.0,0.0,0.0,-1
2019-08-12,9.31,9.31,9.31,9.31,1343,0.0,0.0,0.0,0.0,0.0,-1
2019-08-07,9.35,9.35,9.35,9.35,250,0.0,0.0,0.0,0.0,0.0,-1
2019-08-06,9.4,9.4,9.35,9.35,700,-0.05,0.05,-0.53,0.53,0.03,-1
2019-08-05,9.42,9.42,9.4,9.42,20000,0.0,0.02,0.0,0.21,0.01,-1
2019-08-02,9.44,9.45,9.41,9.44,10300,0.0,0.04,0.0,0.42,0.02,-1
2019-08-01,9.45,9.49,9.44,9.44,6500,-0.01,0.05,-0.11,0.58,0.03,-1
2019-07-31,9.47,9.47,9.46,9.47,7100,0.0,0.01,0.0,0.07,0.0,1
2019-07-30,9.46,9.5,9.44,9.44,2117,-0.02,0.06,-0.21,0.64,0.03,-1
2019-07-29,9.48,9.48,9.47,9.47,4000,-0.01,0.01,-0.11,0.11,0.0,-1
2019-07-26,9.49,9.51,9.49,9.5,1100,0.01,0.02,0.11,0.16,0.01,1
2019-07-22,9.49,9.49,9.46,9.46,367,-0.03,0.03,-0.26,0.26,0.01,-1
2019-07-18,9.49,9.49,9.48,9.49,2100,0.0,0.01,0.01,0.11,0.0,1
2019-07-17,9.47,9.49,9.4,9.4,4300,-0.07,0.09,-0.74,0.96,0.04,-1
2019-07-16,9.49,9.49,9.49,9.49,4200,0.0,0.0,0.0,0.0,0.0,-1
2019-07-15,9.49,9.49,9.49,9.49,2516053,0.0,0.0,0.0,0.0,0.0,-1
2019-07-11,9.51,9.51,9.42,9.5,263300,-0.01,0.09,-0.11,0.95,0.04,-1
2019-07-10,9.49,9.55,9.49,9.55,4300,0.06,0.06,0.6,0.6,0.03,1
2019-07-08,9.31,9.31,9.31,9.31,438246,0.0,0.0,0.0,0.0,0.0,-1
2019-06-20,9.22,9.31,9.22,9.31,190000,0.09,0.09,0.98,0.98,0.05,-1
2019-06-19,9.22,9.31,9.22,9.31,410000,0.09,0.09,0.98,0.98,0.05,-1
2019-06-11,9.31,9.31,9.31,9.31,23,0.0,0.0,0.0,0.0,0.0,-1
2019-06-07,9.22,9.31,9.22,9.31,744352,0.09,0.09,0.99,0.99,0.05,-1
2019-06-05,9.31,9.31,9.31,9.31,3000,0.0,0.0,0.0,0.0,0.0,-1
2019-05-31,9.26,9.5,9.26,9.4,22250,0.14,0.24,1.44,2.51,0.12,1
2019-05-30,9.26,9.31,9.26,9.31,10000,0.05,0.05,0.49,0.49,0.02,-1
2019-05-29,9.4,9.5,9.26,9.4,66750,0.0,0.24,0.0,2.51,0.12,-1
2019-05-28,9.45,9.45,9.45,9.45,180,0.0,0.0,0.0,0.0,0.0,-1
2019-05-22,9.5,9.5,9.5,9.5,200,0.0,0.0,0.0,0.0,0.0,-1
2019-05-17,9.5,9.5,9.5,9.5,500,0.0,0.0,0.0,0.0,0.0,1
2019-05-16,9.31,9.75,9.31,9.31,2700,0.0,0.44,0.0,4.73,0.22,-1
2019-05-15,9.31,9.31,9.3,9.31,39622,0.0,0.01,0.0,0.11,0.0,-1
2019-05-09,9.75,9.75,9.75,9.75,1100,0.0,0.0,0.0,0.0,0.0,1
2019-04-17,9.31,9.31,9.31,9.31,3,0.0,0.0,0.0,0.0,0.0,-1
2019-04-12,9.31,9.31,9.31,9.31,3,0.0,0.0,0.0,0.0,0.0,-1
2019-04-10,9.31,9.31,9.31,9.31,16,0.0,0.0,0.0,0.0,0.0,-1
2019-04-04,9.31,9.31,9.31,9.31,20163,0.0,0.0,0.0,0.0,0.0,-1
2019-04-01,9.5,9.5,9.5,9.5,1000,0.0,0.0,0.0,0.0,0.0,1
2019-03-29,9.31,9.31,9.31,9.31,161120,0.0,0.0,0.0,0.0,0.0,-1
2019-03-28,9.5,9.5,9.31,9.5,1260056,0.0,0.19,0.0,2.0,0.1,-1
2019-03-12,9.75,9.75,9.75,9.75,500,0.0,0.0,0.0,0.0,0.0,1
2019-03-11,9.03,9.13,9.03,9.13,1095614,0.1,0.1,1.07,1.07,0.05,-1
2019-03-08,9.1,9.24,9.1,9.24,657368,0.14,0.14,1.53,1.53,0.07,-1
2019-03-01,9.75,9.75,9.75,9.75,200,0.0,0.0,0.0,0.0,0.0,1
2019-02-26,9.25,9.25,9.25,9.25,109562,0.0,0.0,0.0,0.0,0.0,-1
2019-02-21,9.25,9.25,9.25,9.25,54781,0.0,0.0,0.0,0.0,0.0,-1
2019-02-08,9.25,9.25,9.25,9.25,1600,0.0,0.0,0.0,0.0,0.0,-1
2019-02-07,9.25,9.25,9.25,9.25,10400,0.0,0.0,0.0,0.0,0.0,1
2019-01-24,9.22,9.22,9.22,9.22,925852,0.0,0.0,0.0,0.0,0.0,1
2019-01-03,9.0,9.0,9.0,9.0,276490,0.0,0.0,0.0,0.0,0.0,-1
2018-12-13,8.85,9.0,8.85,9.0,1086674,0.15,0.15,1.63,1.63,0.07,-1
2018-12-04,9.5,9.5,9.25,9.25,800,-0.25,0.25,-2.7,2.7,0.12,-1
2018-12-03,9.7,9.7,9.7,9.7,200000,0.0,0.0,0.0,0.0,0.0,-1
2018-11-07,9.7,9.7,9.7,9.7,3430153,0.0,0.0,0.0,0.0,0.0,1
2018-10-26,9.63,9.63,9.63,9.63,109561,0.0,0.0,0.0,0.0,0.0,-1
2018-10-24,10.0,10.0,9.8,9.8,1000,-0.2,0.2,-2.04,2.04,0.1,1
2018-10-17,9.49,9.49,9.49,9.49,2511491,0.0,0.0,0.0,0.0,0.0,-1
2018-10-16,9.49,9.49,9.49,9.49,3302642,0.0,0.0,0.0,0.0,0.0,-1
2018-10-03,9.6,9.6,9.49,9.49,328784,-0.11,0.11,-1.13,1.13,0.05,-1
2018-10-01,9.6,9.6,9.6,9.6,100561,0.0,0.0,0.0,0.0,0.0,-1
2018-09-26,9.6,9.6,9.6,9.6,200,0.0,0.0,0.0,0.0,0.0,-1
2018-09-18,9.77,9.77,9.77,9.77,100,0.0,0.0,0.0,0.0,0.0,-1
2018-09-06,9.77,9.77,9.77,9.77,105737,0.0,0.0,0.0,0.0,0.0,-1
2018-08-28,9.77,9.77,9.77,9.77,1200,0.0,0.0,0.0,0.0,0.0,-1
2018-08-27,9.8,9.8,9.8,9.8,3000,0.0,0.0,0.0,0.0,0.0,1
2018-08-20,9.75,9.75,9.75,9.75,100,0.0,0.0,0.0,0.0,0.0,1
2018-08-10,9.49,9.49,9.49,9.49,986053,0.0,0.0,0.0,0.0,0.0,-1
2018-08-09,9.9,9.9,9.9,9.9,100,0.0,0.0,0.0,0.0,0.0,1
2018-07-31,9.67,9.67,9.67,9.67,383465,0.0,0.0,0.0,0.0,0.0,-1
2018-07-25,9.67,9.67,9.67,9.67,3328147,0.0,0.0,0.0,0.0,0.0,-1
2018-07-19,9.68,9.68,9.68,9.68,164342,0.0,0.0,0.0,0.0,0.0,-1
2018-07-17,9.8,9.8,9.8,9.8,100,0.0,0.0,0.0,0.0,0.0,-1
2018-07-03,9.8,9.8,9.8,9.8,100,0.0,0.0,0.0,0.0,0.0,-1
2018-06-29,9.6,9.8,9.6,9.8,11100,0.2,0.2,2.04,2.04,0.1,1
2018-06-28,9.6,9.6,9.6,9.6,700,0.0,0.0,0.0,0.0,0.0,-1
2018-06-26,9.6,9.6,9.6,9.6,200,0.0,0.0,0.0,0.0,0.0,-1
2018-06-21,9.6,9.6,9.6,9.6,1000,0.0,0.0,0.0,0.0,0.0,1
2018-06-20,9.49,9.49,9.49,9.49,109561,0.0,0.0,0.0,0.0,0.0,-1
2018-06-19,9.8,9.8,9.8,9.8,100,0.0,0.0,0.0,0.0,0.0,1
2018-06-15,9.49,9.49,9.49,9.49,2106948,0.0,0.0,0.0,0.0,0.0,-1
